date,channel,region,daypart,segment_id,forecast_p20,forecast_p50,actual_impressions,forecast_error,overlap_commitments,sellable_p20,sellable_p50
2026-09-01,north_peak,D-CH,daytime,all_adults,327623,420030,417467,-2563,0,327623,420030
2026-09-01,north_peak,D-CH,daytime,w_25_49,91734,117608,116891,-717,0,91734,117608
2026-09-01,north_peak,D-CH,daytime,m_25_49,85181,109207,108541,-666,0,85181,109207
2026-09-01,north_peak,D-CH,prime,all_adults,499427,640292,575464,-64828,0,499427,640292
2026-09-01,north_peak,D-CH,prime,w_25_49,139839,179281,161130,-18151,0,139839,179281
2026-09-01,north_peak,D-CH,prime,m_25_49,129851,166475,149621,-16854,0,129851,166475
2026-09-01,north_peak,F-CH,daytime,all_adults,133837,171587,152827,-18760,0,133837,171587
2026-09-01,north_peak,F-CH,daytime,w_25_49,37474,48044,42792,-5252,0,37474,48044
2026-09-01,north_peak,F-CH,daytime,m_25_49,34797,44612,39735,-4877,0,34797,44612
2026-09-01,north_peak,F-CH,prime,all_adults,214036,274406,295594,21188,0,214036,274406
2026-09-01,north_peak,F-CH,prime,w_25_49,59930,76833,82766,5933,0,59930,76833
2026-09-01,north_peak,F-CH,prime,m_25_49,55649,71345,76854,5509,0,55649,71345
2026-09-01,lake_city,D-CH,daytime,all_adults,317924,407596,375135,-32461,0,317924,407596
2026-09-01,lake_city,D-CH,daytime,w_25_49,89018,114126,105038,-9088,0,89018,114126
2026-09-01,lake_city,D-CH,daytime,m_25_49,82660,105974,97535,-8439,0,82660,105974
2026-09-01,lake_city,D-CH,prime,all_adults,522703,670133,669161,-972,0,522703,670133
2026-09-01,lake_city,D-CH,prime,w_25_49,146356,187637,187365,-272,0,146356,187637
2026-09-01,lake_city,D-CH,prime,m_25_49,135902,174234,173982,-252,0,135902,174234
2026-09-01,lake_city,F-CH,daytime,all_adults,138461,177515,158975,-18540,0,138461,177515
2026-09-01,lake_city,F-CH,daytime,w_25_49,38769,49704,44513,-5191,0,38769,49704
2026-09-01,lake_city,F-CH,daytime,m_25_49,35999,46153,41334,-4819,0,35999,46153
2026-09-01,lake_city,F-CH,prime,all_adults,212893,272940,279933,6993,0,212893,272940
2026-09-01,lake_city,F-CH,prime,w_25_49,59610,76423,78381,1958,0,59610,76423
2026-09-01,lake_city,F-CH,prime,m_25_49,55352,70964,72783,1819,0,55352,70964
2026-09-02,north_peak,D-CH,daytime,all_adults,301177,386125,360405,-25720,0,301177,386125
2026-09-02,north_peak,D-CH,daytime,w_25_49,84329,108115,100913,-7202,0,84329,108115
2026-09-02,north_peak,D-CH,daytime,m_25_49,78306,100392,93705,-6687,0,78306,100392
2026-09-02,north_peak,D-CH,prime,all_adults,449855,576738,499937,-76801,0,449855,576738
2026-09-02,north_peak,D-CH,prime,w_25_49,125959,161486,139982,-21504,0,125959,161486
2026-09-02,north_peak,D-CH,prime,m_25_49,116962,149951,129984,-19967,0,116962,149951
2026-09-02,north_peak,F-CH,daytime,all_adults,122387,156907,149248,-7659,0,122387,156907
2026-09-02,north_peak,F-CH,daytime,w_25_49,34268,43933,41789,-2144,0,34268,43933
2026-09-02,north_peak,F-CH,daytime,m_25_49,31820,40795,38804,-1991,0,31820,40795
2026-09-02,north_peak,F-CH,prime,all_adults,197049,252627,250530,-2097,0,197049,252627
2026-09-02,north_peak,F-CH,prime,w_25_49,55173,70735,70148,-587,0,55173,70735
2026-09-02,north_peak,F-CH,prime,m_25_49,51232,65683,65138,-545,0,51232,65683
2026-09-02,lake_city,D-CH,daytime,all_adults,330681,423950,404891,-19059,0,330681,423950
2026-09-02,lake_city,D-CH,daytime,w_25_49,92590,118706,113369,-5337,0,92590,118706
2026-09-02,lake_city,D-CH,daytime,m_25_49,85977,110227,105272,-4955,0,85977,110227
2026-09-02,lake_city,D-CH,prime,all_adults,431102,552695,512295,-40400,0,431102,552695
2026-09-02,lake_city,D-CH,prime,w_25_49,120708,154754,143443,-11311,0,120708,154754
2026-09-02,lake_city,D-CH,prime,m_25_49,112086,143700,133197,-10503,0,112086,143700
2026-09-02,lake_city,F-CH,daytime,all_adults,137191,175886,172203,-3683,0,137191,175886
2026-09-02,lake_city,F-CH,daytime,w_25_49,38413,49248,48217,-1031,0,38413,49248
2026-09-02,lake_city,F-CH,daytime,m_25_49,35669,45730,44773,-957,0,35669,45730
2026-09-02,lake_city,F-CH,prime,all_adults,193687,248317,231376,-16941,0,193687,248317
2026-09-02,lake_city,F-CH,prime,w_25_49,54232,69528,64785,-4743,0,54232,69528
2026-09-02,lake_city,F-CH,prime,m_25_49,50358,64562,60158,-4404,0,50358,64562
2026-09-03,north_peak,D-CH,daytime,all_adults,308365,395341,357899,-37442,0,308365,395341
2026-09-03,north_peak,D-CH,daytime,w_25_49,86342,110695,100212,-10483,0,86342,110695
2026-09-03,north_peak,D-CH,daytime,m_25_49,80174,102788,93054,-9734,0,80174,102788
2026-09-03,north_peak,D-CH,prime,all_adults,540101,692438,626931,-65507,0,540101,692438
2026-09-03,north_peak,D-CH,prime,w_25_49,151228,193882,175541,-18341,0,151228,193882
2026-09-03,north_peak,D-CH,prime,m_25_49,140426,180033,163002,-17031,0,140426,180033
2026-09-03,north_peak,F-CH,daytime,all_adults,137322,176055,183229,7174,0,137322,176055
2026-09-03,north_peak,F-CH,daytime,w_25_49,38450,49295,51304,2009,0,38450,49295
2026-09-03,north_peak,F-CH,daytime,m_25_49,35703,45774,47640,1866,0,35703,45774
2026-09-03,north_peak,F-CH,prime,all_adults,205799,263845,253571,-10274,0,205799,263845
2026-09-03,north_peak,F-CH,prime,w_25_49,57623,73876,71000,-2876,0,57623,73876
2026-09-03,north_peak,F-CH,prime,m_25_49,53507,68599,65928,-2671,0,53507,68599
2026-09-03,lake_city,D-CH,daytime,all_adults,329770,422783,412256,-10527,0,329770,422783
2026-09-03,lake_city,D-CH,daytime,w_25_49,92335,118379,115432,-2947,0,92335,118379
2026-09-03,lake_city,D-CH,daytime,m_25_49,85740,109923,107187,-2736,0,85740,109923
2026-09-03,lake_city,D-CH,prime,all_adults,470456,603149,588728,-14421,0,470456,603149
2026-09-03,lake_city,D-CH,prime,w_25_49,131727,168881,164844,-4037,0,131727,168881
2026-09-03,lake_city,D-CH,prime,m_25_49,122318,156818,153069,-3749,0,122318,156818
2026-09-03,lake_city,F-CH,daytime,all_adults,148809,190781,161444,-29337,0,148809,190781
2026-09-03,lake_city,F-CH,daytime,w_25_49,41666,53418,45204,-8214,0,41666,53418
2026-09-03,lake_city,F-CH,daytime,m_25_49,38690,49603,41975,-7628,0,38690,49603
2026-09-03,lake_city,F-CH,prime,all_adults,224264,287518,281637,-5881,0,224264,287518
2026-09-03,lake_city,F-CH,prime,w_25_49,62793,80505,78858,-1647,0,62793,80505
2026-09-03,lake_city,F-CH,prime,m_25_49,58308,74754,73226,-1528,0,58308,74754
2026-09-04,north_peak,D-CH,daytime,all_adults,314990,403834,456345,52511,0,314990,403834
2026-09-04,north_peak,D-CH,daytime,w_25_49,88197,113073,127777,14704,0,88197,113073
2026-09-04,north_peak,D-CH,daytime,m_25_49,81897,104996,118650,13654,0,81897,104996
2026-09-04,north_peak,D-CH,prime,all_adults,531002,680773,595034,-85739,0,531002,680773
2026-09-04,north_peak,D-CH,prime,w_25_49,148680,190616,166610,-24006,0,148680,190616
2026-09-04,north_peak,D-CH,prime,m_25_49,138060,177000,154709,-22291,0,138060,177000
2026-09-04,north_peak,F-CH,daytime,all_adults,138206,177188,180046,2858,0,138206,177188
2026-09-04,north_peak,F-CH,daytime,w_25_49,38697,49612,50413,801,0,38697,49612
2026-09-04,north_peak,F-CH,daytime,m_25_49,35933,46068,46812,744,0,35933,46068
2026-09-04,north_peak,F-CH,prime,all_adults,210851,270322,276980,6658,0,210851,270322
2026-09-04,north_peak,F-CH,prime,w_25_49,59038,75690,77554,1864,0,59038,75690
2026-09-04,north_peak,F-CH,prime,m_25_49,54821,70283,72015,1732,0,54821,70283
2026-09-04,lake_city,D-CH,daytime,all_adults,326291,418323,428103,9780,0,326291,418323
2026-09-04,lake_city,D-CH,daytime,w_25_49,91361,117130,119869,2739,0,91361,117130
2026-09-04,lake_city,D-CH,daytime,m_25_49,84835,108763,111307,2544,0,84835,108763
2026-09-04,lake_city,D-CH,prime,all_adults,551606,707188,647746,-59442,0,551606,707188
2026-09-04,lake_city,D-CH,prime,w_25_49,154449,198012,181369,-16643,0,154449,198012
2026-09-04,lake_city,D-CH,prime,m_25_49,143417,183868,168414,-15454,0,143417,183868
2026-09-04,lake_city,F-CH,daytime,all_adults,139269,178550,166575,-11975,0,139269,178550
2026-09-04,lake_city,F-CH,daytime,w_25_49,38995,49994,46641,-3353,0,38995,49994
2026-09-04,lake_city,F-CH,daytime,m_25_49,36209,46423,43310,-3113,0,36209,46423
2026-09-04,lake_city,F-CH,prime,all_adults,214895,275507,241075,-34432,0,214895,275507
2026-09-04,lake_city,F-CH,prime,w_25_49,60170,77141,67501,-9640,0,60170,77141
2026-09-04,lake_city,F-CH,prime,m_25_49,55872,71631,62680,-8951,0,55872,71631
2026-09-05,north_peak,D-CH,daytime,all_adults,259294,332429,317238,-15191,0,259294,332429
2026-09-05,north_peak,D-CH,daytime,w_25_49,72602,93080,88827,-4253,0,72602,93080
2026-09-05,north_peak,D-CH,daytime,m_25_49,67416,86431,82482,-3949,0,67416,86431
2026-09-05,north_peak,D-CH,prime,all_adults,438832,562606,597272,34666,0,438832,562606
2026-09-05,north_peak,D-CH,prime,w_25_49,122872,157529,167236,9707,0,122872,157529
2026-09-05,north_peak,D-CH,prime,m_25_49,114096,146277,155291,9014,0,114096,146277
2026-09-05,north_peak,F-CH,daytime,all_adults,103865,133161,120700,-12461,0,103865,133161
2026-09-05,north_peak,F-CH,daytime,w_25_49,29082,37285,33796,-3489,0,29082,37285
2026-09-05,north_peak,F-CH,daytime,m_25_49,27004,34621,31382,-3239,0,27004,34621
2026-09-05,north_peak,F-CH,prime,all_adults,181666,232906,188795,-44111,0,181666,232906
2026-09-05,north_peak,F-CH,prime,w_25_49,50866,65213,52863,-12350,0,50866,65213
2026-09-05,north_peak,F-CH,prime,m_25_49,47233,60555,49087,-11468,0,47233,60555
2026-09-05,lake_city,D-CH,daytime,all_adults,261166,334829,322178,-12651,0,261166,334829
2026-09-05,lake_city,D-CH,daytime,w_25_49,73126,93752,90210,-3542,0,73126,93752
2026-09-05,lake_city,D-CH,daytime,m_25_49,67903,87055,83766,-3289,0,67903,87055
2026-09-05,lake_city,D-CH,prime,all_adults,447783,574081,588520,14439,0,447783,574081
2026-09-05,lake_city,D-CH,prime,w_25_49,125379,160742,164786,4044,0,125379,160742
2026-09-05,lake_city,D-CH,prime,m_25_49,116423,149261,153015,3754,0,116423,149261
2026-09-05,lake_city,F-CH,daytime,all_adults,110610,141808,133372,-8436,0,110610,141808
2026-09-05,lake_city,F-CH,daytime,w_25_49,30970,39706,37344,-2362,0,30970,39706
2026-09-05,lake_city,F-CH,daytime,m_25_49,28758,36870,34677,-2193,0,28758,36870
2026-09-05,lake_city,F-CH,prime,all_adults,172253,220838,241129,20291,0,172253,220838
2026-09-05,lake_city,F-CH,prime,w_25_49,48230,61834,67516,5682,0,48230,61834
2026-09-05,lake_city,F-CH,prime,m_25_49,44785,57417,62694,5277,0,44785,57417
2026-09-06,north_peak,D-CH,daytime,all_adults,261732,335555,317336,-18219,0,261732,335555
2026-09-06,north_peak,D-CH,daytime,w_25_49,73284,93955,88854,-5101,0,73284,93955
2026-09-06,north_peak,D-CH,daytime,m_25_49,68050,87244,82507,-4737,0,68050,87244
2026-09-06,north_peak,D-CH,prime,all_adults,374165,479699,396178,-83521,0,374165,479699
2026-09-06,north_peak,D-CH,prime,w_25_49,104766,134315,110930,-23385,0,104766,134315
2026-09-06,north_peak,D-CH,prime,m_25_49,97282,124721,103006,-21715,0,97282,124721
2026-09-06,north_peak,F-CH,daytime,all_adults,111489,142935,125907,-17028,0,111489,142935
2026-09-06,north_peak,F-CH,daytime,w_25_49,31216,40021,35254,-4767,0,31216,40021
2026-09-06,north_peak,F-CH,daytime,m_25_49,28987,37163,32736,-4427,0,28987,37163
2026-09-06,north_peak,F-CH,prime,all_adults,153787,197163,158455,-38708,0,153787,197163
2026-09-06,north_peak,F-CH,prime,w_25_49,43060,55205,44367,-10838,0,43060,55205
2026-09-06,north_peak,F-CH,prime,m_25_49,39984,51262,41198,-10064,0,39984,51262
2026-09-06,lake_city,D-CH,daytime,all_adults,287426,368496,376693,8197,0,287426,368496
2026-09-06,lake_city,D-CH,daytime,w_25_49,80479,103178,105474,2296,0,80479,103178
2026-09-06,lake_city,D-CH,daytime,m_25_49,74730,95808,97940,2132,0,74730,95808
2026-09-06,lake_city,D-CH,prime,all_adults,365883,469081,412877,-56204,0,365883,469081
2026-09-06,lake_city,D-CH,prime,w_25_49,102447,131342,115606,-15736,0,102447,131342
2026-09-06,lake_city,D-CH,prime,m_25_49,95129,121961,107348,-14613,0,95129,121961
2026-09-06,lake_city,F-CH,daytime,all_adults,110524,141698,149373,7675,0,110524,141698
2026-09-06,lake_city,F-CH,daytime,w_25_49,30946,39675,41824,2149,0,30946,39675
2026-09-06,lake_city,F-CH,daytime,m_25_49,28736,36841,38837,1996,0,28736,36841
2026-09-06,lake_city,F-CH,prime,all_adults,153843,197235,172449,-24786,0,153843,197235
2026-09-06,lake_city,F-CH,prime,w_25_49,43076,55225,48286,-6939,0,43076,55225
2026-09-06,lake_city,F-CH,prime,m_25_49,39999,51281,44837,-6444,0,39999,51281
2026-09-07,north_peak,D-CH,daytime,all_adults,302225,387469,386591,-878,0,302225,387469
2026-09-07,north_peak,D-CH,daytime,w_25_49,84623,108491,108245,-246,0,84623,108491
2026-09-07,north_peak,D-CH,daytime,m_25_49,78578,100741,100514,-227,0,78578,100741
2026-09-07,north_peak,D-CH,prime,all_adults,456345,585058,472243,-112815,0,456345,585058
2026-09-07,north_peak,D-CH,prime,w_25_49,127776,163816,132228,-31588,0,127776,163816
2026-09-07,north_peak,D-CH,prime,m_25_49,118649,152115,122783,-29332,0,118649,152115
2026-09-07,north_peak,F-CH,daytime,all_adults,135078,173177,155513,-17664,0,135078,173177
2026-09-07,north_peak,F-CH,daytime,w_25_49,37821,48489,43544,-4945,0,37821,48489
2026-09-07,north_peak,F-CH,daytime,m_25_49,35120,45026,40433,-4593,0,35120,45026
2026-09-07,north_peak,F-CH,prime,all_adults,215366,276111,317411,41300,0,215366,276111
2026-09-07,north_peak,F-CH,prime,w_25_49,60302,77311,88875,11564,0,60302,77311
2026-09-07,north_peak,F-CH,prime,m_25_49,55995,71788,82527,10739,0,55995,71788
2026-09-07,lake_city,D-CH,daytime,all_adults,311251,399040,367150,-31890,0,311251,399040
2026-09-07,lake_city,D-CH,daytime,w_25_49,87150,111731,102802,-8929,0,87150,111731
2026-09-07,lake_city,D-CH,daytime,m_25_49,80925,103750,95459,-8291,0,80925,103750
2026-09-07,lake_city,D-CH,prime,all_adults,514037,659023,665244,6221,0,514037,659023
2026-09-07,lake_city,D-CH,prime,w_25_49,143930,184526,186268,1742,0,143930,184526
2026-09-07,lake_city,D-CH,prime,m_25_49,133649,171345,172963,1618,0,133649,171345
2026-09-07,lake_city,F-CH,daytime,all_adults,136134,174532,166420,-8112,0,136134,174532
2026-09-07,lake_city,F-CH,daytime,w_25_49,38117,48868,46598,-2270,0,38117,48868
2026-09-07,lake_city,F-CH,daytime,m_25_49,35394,45378,43269,-2109,0,35394,45378
2026-09-07,lake_city,F-CH,prime,all_adults,222256,284944,288247,3303,0,222256,284944
2026-09-07,lake_city,F-CH,prime,w_25_49,62231,79784,80709,925,0,62231,79784
2026-09-07,lake_city,F-CH,prime,m_25_49,57786,74085,74944,859,0,57786,74085
2026-09-08,north_peak,D-CH,daytime,all_adults,307281,393951,379636,-14315,0,307281,393951
2026-09-08,north_peak,D-CH,daytime,w_25_49,86038,110306,106298,-4008,0,86038,110306
2026-09-08,north_peak,D-CH,daytime,m_25_49,79893,102427,98705,-3722,0,79893,102427
2026-09-08,north_peak,D-CH,prime,all_adults,508854,652378,577772,-74606,0,508854,652378
2026-09-08,north_peak,D-CH,prime,w_25_49,142479,182665,161776,-20889,0,142479,182665
2026-09-08,north_peak,D-CH,prime,m_25_49,132302,169618,150221,-19397,0,132302,169618
2026-09-08,north_peak,F-CH,daytime,all_adults,139737,179150,161479,-17671,0,139737,179150
2026-09-08,north_peak,F-CH,daytime,w_25_49,39126,50162,45214,-4948,0,39126,50162
2026-09-08,north_peak,F-CH,daytime,m_25_49,36331,46579,41985,-4594,0,36331,46579
2026-09-08,north_peak,F-CH,prime,all_adults,225705,289366,285146,-4220,0,225705,289366
2026-09-08,north_peak,F-CH,prime,w_25_49,63197,81022,79841,-1181,0,63197,81022
2026-09-08,north_peak,F-CH,prime,m_25_49,58683,75235,74138,-1097,0,58683,75235
2026-09-08,lake_city,D-CH,daytime,all_adults,329355,422250,389617,-32633,0,329355,422250
2026-09-08,lake_city,D-CH,daytime,w_25_49,92219,118230,109093,-9137,0,92219,118230
2026-09-08,lake_city,D-CH,daytime,m_25_49,85632,109785,101300,-8485,0,85632,109785
2026-09-08,lake_city,D-CH,prime,all_adults,504166,646367,523673,-122694,0,504166,646367
2026-09-08,lake_city,D-CH,prime,w_25_49,141166,180982,146628,-34354,0,141166,180982
2026-09-08,lake_city,D-CH,prime,m_25_49,131083,168055,136155,-31900,0,131083,168055
2026-09-08,lake_city,F-CH,daytime,all_adults,128251,164425,164265,-160,0,128251,164425
2026-09-08,lake_city,F-CH,daytime,w_25_49,35910,46039,45994,-45,0,35910,46039
2026-09-08,lake_city,F-CH,daytime,m_25_49,33345,42750,42709,-41,0,33345,42750
2026-09-08,lake_city,F-CH,prime,all_adults,186030,238500,247498,8998,0,186030,238500
2026-09-08,lake_city,F-CH,prime,w_25_49,52088,66780,69299,2519,0,52088,66780
2026-09-08,lake_city,F-CH,prime,m_25_49,48367,62010,64349,2339,0,48367,62010
2026-09-09,north_peak,D-CH,daytime,all_adults,293278,375998,387480,11482,0,293278,375998
2026-09-09,north_peak,D-CH,daytime,w_25_49,82117,105279,108494,3215,0,82117,105279
2026-09-09,north_peak,D-CH,daytime,m_25_49,76252,97759,100745,2986,0,76252,97759
2026-09-09,north_peak,D-CH,prime,all_adults,482019,617974,637946,19972,0,482019,617974
2026-09-09,north_peak,D-CH,prime,w_25_49,134965,173032,178625,5593,0,134965,173032
2026-09-09,north_peak,D-CH,prime,m_25_49,125324,160673,165866,5193,0,125324,160673
2026-09-09,north_peak,F-CH,daytime,all_adults,138672,177785,150593,-27192,0,138672,177785
2026-09-09,north_peak,F-CH,daytime,w_25_49,38828,49779,42166,-7613,0,38828,49779
2026-09-09,north_peak,F-CH,daytime,m_25_49,36054,46224,39154,-7070,0,36054,46224
2026-09-09,north_peak,F-CH,prime,all_adults,229251,293912,318993,25081,0,229251,293912
2026-09-09,north_peak,F-CH,prime,w_25_49,64190,82295,89318,7023,0,64190,82295
2026-09-09,north_peak,F-CH,prime,m_25_49,59605,76417,82938,6521,0,59605,76417
2026-09-09,lake_city,D-CH,daytime,all_adults,326305,418341,396623,-21718,0,326305,418341
2026-09-09,lake_city,D-CH,daytime,w_25_49,91365,117135,111054,-6081,0,91365,117135
2026-09-09,lake_city,D-CH,daytime,m_25_49,84839,108768,103122,-5646,0,84839,108768
2026-09-09,lake_city,D-CH,prime,all_adults,502908,644755,575113,-69642,0,502908,644755
2026-09-09,lake_city,D-CH,prime,w_25_49,140814,180531,161032,-19499,0,140814,180531
2026-09-09,lake_city,D-CH,prime,m_25_49,130756,167636,149529,-18107,0,130756,167636
2026-09-09,lake_city,F-CH,daytime,all_adults,146661,188027,174219,-13808,0,146661,188027
2026-09-09,lake_city,F-CH,daytime,w_25_49,41065,52647,48781,-3866,0,41065,52647
2026-09-09,lake_city,F-CH,daytime,m_25_49,38131,48887,45297,-3590,0,38131,48887
2026-09-09,lake_city,F-CH,prime,all_adults,212612,272580,247103,-25477,0,212612,272580
2026-09-09,lake_city,F-CH,prime,w_25_49,59531,76322,69189,-7133,0,59531,76322
2026-09-09,lake_city,F-CH,prime,m_25_49,55279,70870,64247,-6623,0,55279,70870
2026-09-10,north_peak,D-CH,daytime,all_adults,315293,404222,350776,-53446,0,315293,404222
2026-09-10,north_peak,D-CH,daytime,w_25_49,88282,113182,98217,-14965,0,88282,113182
2026-09-10,north_peak,D-CH,daytime,m_25_49,81976,105097,91202,-13895,0,81976,105097
2026-09-10,north_peak,D-CH,prime,all_adults,546078,700101,670467,-29634,0,546078,700101
2026-09-10,north_peak,D-CH,prime,w_25_49,152901,196028,187731,-8297,0,152901,196028
2026-09-10,north_peak,D-CH,prime,m_25_49,141980,182026,174321,-7705,0,141980,182026
2026-09-10,north_peak,F-CH,daytime,all_adults,145565,186623,181223,-5400,0,145565,186623
2026-09-10,north_peak,F-CH,daytime,w_25_49,40758,52254,50742,-1512,0,40758,52254
2026-09-10,north_peak,F-CH,daytime,m_25_49,37846,48521,47118,-1403,0,37846,48521
2026-09-10,north_peak,F-CH,prime,all_adults,204381,262028,247319,-14709,0,204381,262028
2026-09-10,north_peak,F-CH,prime,w_25_49,57226,73367,69249,-4118,0,57226,73367
2026-09-10,north_peak,F-CH,prime,m_25_49,53139,68127,64303,-3824,0,53139,68127
2026-09-10,lake_city,D-CH,daytime,all_adults,316587,405882,393963,-11919,28000,288587,377882
2026-09-10,lake_city,D-CH,daytime,w_25_49,88644,113646,110310,-3336,28000,60644,85646
2026-09-10,lake_city,D-CH,daytime,m_25_49,82312,105529,102430,-3099,0,82312,105529
2026-09-10,lake_city,D-CH,prime,all_adults,496346,636342,601983,-34359,0,496346,636342
2026-09-10,lake_city,D-CH,prime,w_25_49,138976,178175,168555,-9620,0,138976,178175
2026-09-10,lake_city,D-CH,prime,m_25_49,129049,165448,156516,-8932,0,129049,165448
2026-09-10,lake_city,F-CH,daytime,all_adults,126211,161809,146510,-15299,0,126211,161809
2026-09-10,lake_city,F-CH,daytime,w_25_49,35339,45306,41023,-4283,0,35339,45306
2026-09-10,lake_city,F-CH,daytime,m_25_49,32814,42070,38093,-3977,0,32814,42070
2026-09-10,lake_city,F-CH,prime,all_adults,234432,300555,275398,-25157,0,234432,300555
2026-09-10,lake_city,F-CH,prime,w_25_49,65640,84155,77111,-7044,0,65640,84155
2026-09-10,lake_city,F-CH,prime,m_25_49,60952,78144,71603,-6541,0,60952,78144
2026-09-11,north_peak,D-CH,daytime,all_adults,306880,393436,392250,-1186,0,306880,393436
2026-09-11,north_peak,D-CH,daytime,w_25_49,85926,110162,109830,-332,0,85926,110162
2026-09-11,north_peak,D-CH,daytime,m_25_49,79788,102293,101985,-308,0,79788,102293
2026-09-11,north_peak,D-CH,prime,all_adults,550655,705968,602669,-103299,0,550655,705968
2026-09-11,north_peak,D-CH,prime,w_25_49,154183,197671,168747,-28924,0,154183,197671
2026-09-11,north_peak,D-CH,prime,m_25_49,143170,183551,156694,-26857,0,143170,183551
2026-09-11,north_peak,F-CH,daytime,all_adults,135870,174193,160159,-14034,0,135870,174193
2026-09-11,north_peak,F-CH,daytime,w_25_49,38043,48774,44845,-3929,0,38043,48774
2026-09-11,north_peak,F-CH,daytime,m_25_49,35326,45290,41641,-3649,0,35326,45290
2026-09-11,north_peak,F-CH,prime,all_adults,190733,244530,251571,7041,0,190733,244530
2026-09-11,north_peak,F-CH,prime,w_25_49,53405,68468,70440,1972,0,53405,68468
2026-09-11,north_peak,F-CH,prime,m_25_49,49590,63577,65408,1831,0,49590,63577
2026-09-11,lake_city,D-CH,daytime,all_adults,327139,419409,409223,-10186,28000,299139,391409
2026-09-11,lake_city,D-CH,daytime,w_25_49,91598,117434,114582,-2852,28000,63598,89434
2026-09-11,lake_city,D-CH,daytime,m_25_49,85056,109046,106398,-2648,0,85056,109046
2026-09-11,lake_city,D-CH,prime,all_adults,484858,621614,625581,3967,0,484858,621614
2026-09-11,lake_city,D-CH,prime,w_25_49,135760,174051,175163,1112,0,135760,174051
2026-09-11,lake_city,D-CH,prime,m_25_49,126063,161619,162651,1032,0,126063,161619
2026-09-11,lake_city,F-CH,daytime,all_adults,133139,170692,163619,-7073,0,133139,170692
2026-09-11,lake_city,F-CH,daytime,w_25_49,37278,47793,45813,-1980,0,37278,47793
2026-09-11,lake_city,F-CH,daytime,m_25_49,34616,44379,42541,-1838,0,34616,44379
2026-09-11,lake_city,F-CH,prime,all_adults,199085,255238,222749,-32489,0,199085,255238
2026-09-11,lake_city,F-CH,prime,w_25_49,55743,71466,62370,-9096,0,55743,71466
2026-09-11,lake_city,F-CH,prime,m_25_49,51762,66361,57915,-8446,0,51762,66361
2026-09-12,north_peak,D-CH,daytime,all_adults,290157,371997,345745,-26252,0,290157,371997
2026-09-12,north_peak,D-CH,daytime,w_25_49,81243,104159,96809,-7350,0,81243,104159
2026-09-12,north_peak,D-CH,daytime,m_25_49,75440,96719,89894,-6825,0,75440,96719
2026-09-12,north_peak,D-CH,prime,all_adults,423666,543162,525398,-17764,0,423666,543162
2026-09-12,north_peak,D-CH,prime,w_25_49,118626,152085,147111,-4974,0,118626,152085
2026-09-12,north_peak,D-CH,prime,m_25_49,110153,141222,136603,-4619,0,110153,141222
2026-09-12,north_peak,F-CH,daytime,all_adults,109838,140819,130871,-9948,0,109838,140819
2026-09-12,north_peak,F-CH,daytime,w_25_49,30754,39429,36644,-2785,0,30754,39429
2026-09-12,north_peak,F-CH,daytime,m_25_49,28557,36612,34026,-2586,0,28557,36612
2026-09-12,north_peak,F-CH,prime,all_adults,181490,232680,220080,-12600,0,181490,232680
2026-09-12,north_peak,F-CH,prime,w_25_49,50817,65150,61622,-3528,0,50817,65150
2026-09-12,north_peak,F-CH,prime,m_25_49,47187,60496,57221,-3275,0,47187,60496
2026-09-12,lake_city,D-CH,daytime,all_adults,266190,341270,331638,-9632,28000,238190,313270
2026-09-12,lake_city,D-CH,daytime,w_25_49,74533,95555,92859,-2696,28000,46533,67555
2026-09-12,lake_city,D-CH,daytime,m_25_49,69209,88730,86226,-2504,0,69209,88730
2026-09-12,lake_city,D-CH,prime,all_adults,445771,571502,585470,13968,0,445771,571502
2026-09-12,lake_city,D-CH,prime,w_25_49,124815,160020,163932,3912,0,124815,160020
2026-09-12,lake_city,D-CH,prime,m_25_49,115900,148590,152222,3632,0,115900,148590
2026-09-12,lake_city,F-CH,daytime,all_adults,115415,147968,136857,-11111,0,115415,147968
2026-09-12,lake_city,F-CH,daytime,w_25_49,32316,41431,38320,-3111,0,32316,41431
2026-09-12,lake_city,F-CH,daytime,m_25_49,30007,38471,35583,-2888,0,30007,38471
2026-09-12,lake_city,F-CH,prime,all_adults,160378,205613,215063,9450,0,160378,205613
2026-09-12,lake_city,F-CH,prime,w_25_49,44905,57571,60218,2647,0,44905,57571
2026-09-12,lake_city,F-CH,prime,m_25_49,41698,53459,55916,2457,0,41698,53459
2026-09-13,north_peak,D-CH,daytime,all_adults,284208,364370,349337,-15033,0,284208,364370
2026-09-13,north_peak,D-CH,daytime,w_25_49,79578,102023,97814,-4209,0,79578,102023
2026-09-13,north_peak,D-CH,daytime,m_25_49,73894,94736,90828,-3908,0,73894,94736
2026-09-13,north_peak,D-CH,prime,all_adults,378326,485034,430692,-54342,0,378326,485034
2026-09-13,north_peak,D-CH,prime,w_25_49,105931,135809,120594,-15215,0,105931,135809
2026-09-13,north_peak,D-CH,prime,m_25_49,98364,126108,111980,-14128,0,98364,126108
2026-09-13,north_peak,F-CH,daytime,all_adults,118451,151861,158498,6637,0,118451,151861
2026-09-13,north_peak,F-CH,daytime,w_25_49,33166,42521,44379,1858,0,33166,42521
2026-09-13,north_peak,F-CH,daytime,m_25_49,30797,39483,41209,1726,0,30797,39483
2026-09-13,north_peak,F-CH,prime,all_adults,149686,191906,180090,-11816,0,149686,191906
2026-09-13,north_peak,F-CH,prime,w_25_49,41912,53733,50425,-3308,0,41912,53733
2026-09-13,north_peak,F-CH,prime,m_25_49,38918,49895,46823,-3072,0,38918,49895
2026-09-13,lake_city,D-CH,daytime,all_adults,248539,318640,331047,12407,28000,220539,290640
2026-09-13,lake_city,D-CH,daytime,w_25_49,69590,89219,92693,3474,28000,41590,61219
2026-09-13,lake_city,D-CH,daytime,m_25_49,64620,82846,86072,3226,0,64620,82846
2026-09-13,lake_city,D-CH,prime,all_adults,377272,483683,432559,-51124,0,377272,483683
2026-09-13,lake_city,D-CH,prime,w_25_49,105636,135431,121117,-14314,0,105636,135431
2026-09-13,lake_city,D-CH,prime,m_25_49,98090,125757,112465,-13292,0,98090,125757
2026-09-13,lake_city,F-CH,daytime,all_adults,125544,160955,175240,14285,0,125544,160955
2026-09-13,lake_city,F-CH,daytime,w_25_49,35152,45067,49067,4000,0,35152,45067
2026-09-13,lake_city,F-CH,daytime,m_25_49,32641,41848,45562,3714,0,32641,41848
2026-09-13,lake_city,F-CH,prime,all_adults,143319,183743,131930,-51813,0,143319,183743
2026-09-13,lake_city,F-CH,prime,w_25_49,40129,51448,36940,-14508,0,40129,51448
2026-09-13,lake_city,F-CH,prime,m_25_49,37262,47773,34302,-13471,0,37262,47773
2026-09-14,north_peak,D-CH,daytime,all_adults,343656,440585,391591,-48994,0,343656,440585
2026-09-14,north_peak,D-CH,daytime,w_25_49,96223,123363,109645,-13718,0,96223,123363
2026-09-14,north_peak,D-CH,daytime,m_25_49,89350,114552,101814,-12738,0,89350,114552
2026-09-14,north_peak,D-CH,prime,all_adults,507401,650515,674699,24184,0,507401,650515
2026-09-14,north_peak,D-CH,prime,w_25_49,142072,182144,188916,6772,0,142072,182144
2026-09-14,north_peak,D-CH,prime,m_25_49,131924,169133,175422,6289,0,131924,169133
2026-09-14,north_peak,F-CH,daytime,all_adults,124021,159002,127392,-31610,0,124021,159002
2026-09-14,north_peak,F-CH,daytime,w_25_49,34725,44520,35670,-8850,0,34725,44520
2026-09-14,north_peak,F-CH,daytime,m_25_49,32245,41340,33122,-8218,0,32245,41340
2026-09-14,north_peak,F-CH,prime,all_adults,216584,277673,270328,-7345,0,216584,277673
2026-09-14,north_peak,F-CH,prime,w_25_49,60643,77748,75692,-2056,0,60643,77748
2026-09-14,north_peak,F-CH,prime,m_25_49,56311,72194,70285,-1909,0,56311,72194
2026-09-14,lake_city,D-CH,daytime,all_adults,322767,413805,402666,-11139,28000,294767,385805
2026-09-14,lake_city,D-CH,daytime,w_25_49,90374,115865,112746,-3119,28000,62374,87865
2026-09-14,lake_city,D-CH,daytime,m_25_49,83919,107589,104693,-2896,0,83919,107589
2026-09-14,lake_city,D-CH,prime,all_adults,481562,617388,524113,-93275,0,481562,617388
2026-09-14,lake_city,D-CH,prime,w_25_49,134837,172868,146752,-26116,0,134837,172868
2026-09-14,lake_city,D-CH,prime,m_25_49,125206,160520,136269,-24251,0,125206,160520
2026-09-14,lake_city,F-CH,daytime,all_adults,136216,174636,155821,-18815,0,136216,174636
2026-09-14,lake_city,F-CH,daytime,w_25_49,38140,48898,43630,-5268,0,38140,48898
2026-09-14,lake_city,F-CH,daytime,m_25_49,35416,45405,40513,-4892,0,35416,45405
2026-09-14,lake_city,F-CH,prime,all_adults,192237,246458,249034,2576,0,192237,246458
2026-09-14,lake_city,F-CH,prime,w_25_49,53826,69008,69730,722,0,53826,69008
2026-09-14,lake_city,F-CH,prime,m_25_49,49981,64079,64749,670,0,49981,64079
2026-09-15,north_peak,D-CH,daytime,all_adults,326392,418452,419507,1055,0,326392,418452
2026-09-15,north_peak,D-CH,daytime,w_25_49,91389,117166,117462,296,0,91389,117166
2026-09-15,north_peak,D-CH,daytime,m_25_49,84861,108797,109072,275,0,84861,108797
2026-09-15,north_peak,D-CH,prime,all_adults,477639,612358,561749,-50609,95000,382639,517358
2026-09-15,north_peak,D-CH,prime,w_25_49,133738,171460,157290,-14170,95000,38738,76460
2026-09-15,north_peak,D-CH,prime,m_25_49,124186,159213,146055,-13158,0,124186,159213
2026-09-15,north_peak,F-CH,daytime,all_adults,129344,165826,149088,-16738,0,129344,165826
2026-09-15,north_peak,F-CH,daytime,w_25_49,36216,46431,41745,-4686,0,36216,46431
2026-09-15,north_peak,F-CH,daytime,m_25_49,33629,43114,38763,-4351,0,33629,43114
2026-09-15,north_peak,F-CH,prime,all_adults,215767,276625,250999,-25626,0,215767,276625
2026-09-15,north_peak,F-CH,prime,w_25_49,60414,77455,70280,-7175,0,60414,77455
2026-09-15,north_peak,F-CH,prime,m_25_49,56099,71922,65260,-6662,0,56099,71922
2026-09-15,lake_city,D-CH,daytime,all_adults,334598,428972,427762,-1210,28000,306598,400972
2026-09-15,lake_city,D-CH,daytime,w_25_49,93687,120112,119773,-339,28000,65687,92112
2026-09-15,lake_city,D-CH,daytime,m_25_49,86995,111532,111218,-314,0,86995,111532
2026-09-15,lake_city,D-CH,prime,all_adults,569479,730102,626848,-103254,0,569479,730102
2026-09-15,lake_city,D-CH,prime,w_25_49,159454,204428,175517,-28911,0,159454,204428
2026-09-15,lake_city,D-CH,prime,m_25_49,148064,189826,162980,-26846,0,148064,189826
2026-09-15,lake_city,F-CH,daytime,all_adults,144921,185797,178892,-6905,0,144921,185797
2026-09-15,lake_city,F-CH,daytime,w_25_49,40577,52023,50090,-1933,0,40577,52023
2026-09-15,lake_city,F-CH,daytime,m_25_49,37679,48307,46512,-1795,0,37679,48307
2026-09-15,lake_city,F-CH,prime,all_adults,213087,273189,233306,-39883,0,213087,273189
2026-09-15,lake_city,F-CH,prime,w_25_49,59664,76492,65326,-11166,0,59664,76492
2026-09-15,lake_city,F-CH,prime,m_25_49,55402,71029,60660,-10369,0,55402,71029
2026-09-16,north_peak,D-CH,daytime,all_adults,318554,408403,420432,12029,0,318554,408403
2026-09-16,north_peak,D-CH,daytime,w_25_49,89195,114352,117721,3369,0,89195,114352
2026-09-16,north_peak,D-CH,daytime,m_25_49,82824,106184,109312,3128,0,82824,106184
2026-09-16,north_peak,D-CH,prime,all_adults,505266,647778,632545,-15233,95000,410266,552778
2026-09-16,north_peak,D-CH,prime,w_25_49,141474,181377,177113,-4264,95000,46474,86377
2026-09-16,north_peak,D-CH,prime,m_25_49,131369,168422,164462,-3960,0,131369,168422
2026-09-16,north_peak,F-CH,daytime,all_adults,135191,173323,184132,10809,0,135191,173323
2026-09-16,north_peak,F-CH,daytime,w_25_49,37853,48530,51557,3027,0,37853,48530
2026-09-16,north_peak,F-CH,daytime,m_25_49,35149,45063,47874,2811,0,35149,45063
2026-09-16,north_peak,F-CH,prime,all_adults,212992,273067,216806,-56261,0,212992,273067
2026-09-16,north_peak,F-CH,prime,w_25_49,59637,76458,60706,-15752,0,59637,76458
2026-09-16,north_peak,F-CH,prime,m_25_49,55377,70997,56370,-14627,0,55377,70997
2026-09-16,lake_city,D-CH,daytime,all_adults,313996,402559,327077,-75482,28000,285996,374559
2026-09-16,lake_city,D-CH,daytime,w_25_49,87918,112716,91582,-21134,28000,59918,84716
2026-09-16,lake_city,D-CH,daytime,m_25_49,81638,104665,85040,-19625,0,81638,104665
2026-09-16,lake_city,D-CH,prime,all_adults,408718,523998,486055,-37943,0,408718,523998
2026-09-16,lake_city,D-CH,prime,w_25_49,114441,146719,136095,-10624,0,114441,146719
2026-09-16,lake_city,D-CH,prime,m_25_49,106266,136239,126374,-9865,0,106266,136239
2026-09-16,lake_city,F-CH,daytime,all_adults,148600,190514,185516,-4998,0,148600,190514
2026-09-16,lake_city,F-CH,daytime,w_25_49,41608,53343,51944,-1399,0,41608,53343
2026-09-16,lake_city,F-CH,daytime,m_25_49,38636,49533,48234,-1299,0,38636,49533
2026-09-16,lake_city,F-CH,prime,all_adults,198263,254184,227429,-26755,0,198263,254184
2026-09-16,lake_city,F-CH,prime,w_25_49,55513,71171,63680,-7491,0,55513,71171
2026-09-16,lake_city,F-CH,prime,m_25_49,51548,66087,59132,-6955,0,51548,66087
2026-09-17,north_peak,D-CH,daytime,all_adults,349822,448491,440691,-7800,0,349822,448491
2026-09-17,north_peak,D-CH,daytime,w_25_49,97950,125577,123393,-2184,0,97950,125577
2026-09-17,north_peak,D-CH,daytime,m_25_49,90953,116607,114580,-2027,0,90953,116607
2026-09-17,north_peak,D-CH,prime,all_adults,509241,652874,630495,-22379,95000,414241,557874
2026-09-17,north_peak,D-CH,prime,w_25_49,142587,182804,176539,-6265,95000,47587,87804
2026-09-17,north_peak,D-CH,prime,m_25_49,132402,169747,163929,-5818,0,132402,169747
2026-09-17,north_peak,F-CH,daytime,all_adults,137908,176806,182893,6087,0,137908,176806
2026-09-17,north_peak,F-CH,daytime,w_25_49,38614,49505,51210,1705,0,38614,49505
2026-09-17,north_peak,F-CH,daytime,m_25_49,35856,45969,47552,1583,0,35856,45969
2026-09-17,north_peak,F-CH,prime,all_adults,220337,282484,278884,-3600,0,220337,282484
2026-09-17,north_peak,F-CH,prime,w_25_49,61694,79095,78088,-1007,0,61694,79095
2026-09-17,north_peak,F-CH,prime,m_25_49,57287,73445,72510,-935,0,57287,73445
2026-09-17,lake_city,D-CH,daytime,all_adults,307100,393719,398006,4287,28000,279100,365719
2026-09-17,lake_city,D-CH,daytime,w_25_49,85988,110241,111442,1201,28000,57988,82241
2026-09-17,lake_city,D-CH,daytime,m_25_49,79846,102366,103482,1116,0,79846,102366
2026-09-17,lake_city,D-CH,prime,all_adults,486932,624273,660173,35900,0,486932,624273
2026-09-17,lake_city,D-CH,prime,w_25_49,136340,174796,184848,10052,0,136340,174796
2026-09-17,lake_city,D-CH,prime,m_25_49,126602,162310,171645,9335,0,126602,162310
2026-09-17,lake_city,F-CH,daytime,all_adults,127098,162947,156264,-6683,0,127098,162947
2026-09-17,lake_city,F-CH,daytime,w_25_49,35587,45625,43754,-1871,0,35587,45625
2026-09-17,lake_city,F-CH,daytime,m_25_49,33045,42366,40629,-1737,0,33045,42366
2026-09-17,lake_city,F-CH,prime,all_adults,213173,273299,236138,-37161,0,213173,273299
2026-09-17,lake_city,F-CH,prime,w_25_49,59688,76523,66119,-10404,0,59688,76523
2026-09-17,lake_city,F-CH,prime,m_25_49,55424,71057,61396,-9661,0,55424,71057
2026-09-18,north_peak,D-CH,daytime,all_adults,361446,463393,503630,40237,0,361446,463393
2026-09-18,north_peak,D-CH,daytime,w_25_49,101204,129750,141016,11266,0,101204,129750
2026-09-18,north_peak,D-CH,daytime,m_25_49,93975,120482,130944,10462,0,93975,120482
2026-09-18,north_peak,D-CH,prime,all_adults,493655,632892,652978,20086,95000,398655,537892
2026-09-18,north_peak,D-CH,prime,w_25_49,138223,177209,182834,5625,95000,43223,82209
2026-09-18,north_peak,D-CH,prime,m_25_49,128350,164551,169774,5223,0,128350,164551
2026-09-18,north_peak,F-CH,daytime,all_adults,140717,180407,137274,-43133,0,140717,180407
2026-09-18,north_peak,F-CH,daytime,w_25_49,39400,50513,38437,-12076,0,39400,50513
2026-09-18,north_peak,F-CH,daytime,m_25_49,36586,46905,35691,-11214,0,36586,46905
2026-09-18,north_peak,F-CH,prime,all_adults,216471,277527,267839,-9688,0,216471,277527
2026-09-18,north_peak,F-CH,prime,w_25_49,60611,77707,74995,-2712,0,60611,77707
2026-09-18,north_peak,F-CH,prime,m_25_49,56282,72157,69638,-2519,0,56282,72157
2026-09-18,lake_city,D-CH,daytime,all_adults,329235,422097,373070,-49027,28000,301235,394097
2026-09-18,lake_city,D-CH,daytime,w_25_49,92185,118187,104460,-13727,28000,64185,90187
2026-09-18,lake_city,D-CH,daytime,m_25_49,85601,109745,96998,-12747,0,85601,109745
2026-09-18,lake_city,D-CH,prime,all_adults,499573,640479,612130,-28349,0,499573,640479
2026-09-18,lake_city,D-CH,prime,w_25_49,139880,179334,171396,-7938,0,139880,179334
2026-09-18,lake_city,D-CH,prime,m_25_49,129888,166524,159154,-7370,0,129888,166524
2026-09-18,lake_city,F-CH,daytime,all_adults,147399,188974,188360,-614,0,147399,188974
2026-09-18,lake_city,F-CH,daytime,w_25_49,41271,52912,52741,-171,0,41271,52912
2026-09-18,lake_city,F-CH,daytime,m_25_49,38323,49133,48974,-159,0,38323,49133
2026-09-18,lake_city,F-CH,prime,all_adults,213195,273328,298560,25232,55000,158195,218328
2026-09-18,lake_city,F-CH,prime,w_25_49,59694,76531,83597,7066,15400,44294,61131
2026-09-18,lake_city,F-CH,prime,m_25_49,55430,71065,77626,6561,14300,41130,56765
2026-09-19,north_peak,D-CH,daytime,all_adults,259682,332926,312566,-20360,0,259682,332926
2026-09-19,north_peak,D-CH,daytime,w_25_49,72710,93219,87518,-5701,0,72710,93219
2026-09-19,north_peak,D-CH,daytime,m_25_49,67517,86560,81267,-5293,0,67517,86560
2026-09-19,north_peak,D-CH,prime,all_adults,370991,475630,521066,45436,95000,275991,380630
2026-09-19,north_peak,D-CH,prime,w_25_49,103877,133176,145898,12722,95000,8877,38176
2026-09-19,north_peak,D-CH,prime,m_25_49,96457,123663,135477,11814,0,96457,123663
2026-09-19,north_peak,F-CH,daytime,all_adults,119353,153017,159649,6632,0,119353,153017
2026-09-19,north_peak,F-CH,daytime,w_25_49,33418,42844,44702,1858,0,33418,42844
2026-09-19,north_peak,F-CH,daytime,m_25_49,31031,39784,41509,1725,0,31031,39784
2026-09-19,north_peak,F-CH,prime,all_adults,181897,233202,228260,-4942,0,181897,233202
2026-09-19,north_peak,F-CH,prime,w_25_49,50931,65296,63913,-1383,0,50931,65296
2026-09-19,north_peak,F-CH,prime,m_25_49,47293,60632,59348,-1284,0,47293,60632
2026-09-19,lake_city,D-CH,daytime,all_adults,272104,348852,331353,-17499,28000,244104,320852
2026-09-19,lake_city,D-CH,daytime,w_25_49,76189,97678,92779,-4899,28000,48189,69678
2026-09-19,lake_city,D-CH,daytime,m_25_49,70747,90701,86152,-4549,0,70747,90701
2026-09-19,lake_city,D-CH,prime,all_adults,411292,527298,513769,-13529,0,411292,527298
2026-09-19,lake_city,D-CH,prime,w_25_49,115161,147643,143855,-3788,0,115161,147643
2026-09-19,lake_city,D-CH,prime,m_25_49,106935,137097,133580,-3517,0,106935,137097
2026-09-19,lake_city,F-CH,daytime,all_adults,123059,157768,160048,2280,0,123059,157768
2026-09-19,lake_city,F-CH,daytime,w_25_49,34456,44175,44813,638,0,34456,44175
2026-09-19,lake_city,F-CH,daytime,m_25_49,31995,41019,41612,593,0,31995,41019
2026-09-19,lake_city,F-CH,prime,all_adults,174265,223417,206358,-17059,55000,119265,168417
2026-09-19,lake_city,F-CH,prime,w_25_49,48794,62556,57780,-4776,15400,33394,47156
2026-09-19,lake_city,F-CH,prime,m_25_49,45308,58088,53653,-4435,14300,31008,43788
2026-09-20,north_peak,D-CH,daytime,all_adults,258396,331278,363814,32536,0,258396,331278
2026-09-20,north_peak,D-CH,daytime,w_25_49,72350,92757,101868,9111,0,72350,92757
2026-09-20,north_peak,D-CH,daytime,m_25_49,67182,86132,94592,8460,0,67182,86132
2026-09-20,north_peak,D-CH,prime,all_adults,377552,484042,406036,-78006,255000,122552,229042
2026-09-20,north_peak,D-CH,prime,w_25_49,105714,135531,113690,-21841,139800,-34086,-4269
2026-09-20,north_peak,D-CH,prime,m_25_49,98163,125850,105569,-20281,41600,56563,84250
2026-09-20,north_peak,F-CH,daytime,all_adults,110481,141643,124826,-16817,0,110481,141643
2026-09-20,north_peak,F-CH,daytime,w_25_49,30934,39660,34951,-4709,0,30934,39660
2026-09-20,north_peak,F-CH,daytime,m_25_49,28725,36827,32455,-4372,0,28725,36827
2026-09-20,north_peak,F-CH,prime,all_adults,153276,196508,175738,-20770,0,153276,196508
2026-09-20,north_peak,F-CH,prime,w_25_49,42917,55022,49207,-5815,0,42917,55022
2026-09-20,north_peak,F-CH,prime,m_25_49,39851,51092,45692,-5400,0,39851,51092
2026-09-20,lake_city,D-CH,daytime,all_adults,262304,336288,320085,-16203,28000,234304,308288
2026-09-20,lake_city,D-CH,daytime,w_25_49,73445,94160,89624,-4536,28000,45445,66160
2026-09-20,lake_city,D-CH,daytime,m_25_49,68199,87434,83222,-4212,0,68199,87434
2026-09-20,lake_city,D-CH,prime,all_adults,361554,463531,390172,-73359,0,361554,463531
2026-09-20,lake_city,D-CH,prime,w_25_49,101235,129788,109248,-20540,0,101235,129788
2026-09-20,lake_city,D-CH,prime,m_25_49,94004,120518,101445,-19073,0,94004,120518
2026-09-20,lake_city,F-CH,daytime,all_adults,102041,130822,124433,-6389,0,102041,130822
2026-09-20,lake_city,F-CH,daytime,w_25_49,28571,36630,34841,-1789,0,28571,36630
2026-09-20,lake_city,F-CH,daytime,m_25_49,26530,34013,32353,-1660,0,26530,34013
2026-09-20,lake_city,F-CH,prime,all_adults,146004,187185,167540,-19645,55000,91004,132185
2026-09-20,lake_city,F-CH,prime,w_25_49,40881,52411,46911,-5500,15400,25481,37011
2026-09-20,lake_city,F-CH,prime,m_25_49,37961,48668,43560,-5108,14300,23661,34368
2026-09-21,north_peak,D-CH,daytime,all_adults,312452,400580,407054,6474,0,312452,400580
2026-09-21,north_peak,D-CH,daytime,w_25_49,87486,112162,113975,1813,0,87486,112162
2026-09-21,north_peak,D-CH,daytime,m_25_49,81237,104150,105834,1684,0,81237,104150
2026-09-21,north_peak,D-CH,prime,all_adults,554224,710544,671401,-39143,255000,299224,455544
2026-09-21,north_peak,D-CH,prime,w_25_49,155182,198952,187992,-10960,139800,15382,59152
2026-09-21,north_peak,D-CH,prime,m_25_49,144098,184741,174564,-10177,41600,102498,143141
2026-09-21,north_peak,F-CH,daytime,all_adults,132624,170032,167535,-2497,0,132624,170032
2026-09-21,north_peak,F-CH,daytime,w_25_49,37134,47608,46910,-698,0,37134,47608
2026-09-21,north_peak,F-CH,daytime,m_25_49,34482,44208,43559,-649,0,34482,44208
2026-09-21,north_peak,F-CH,prime,all_adults,213241,273386,243453,-29933,0,213241,273386
2026-09-21,north_peak,F-CH,prime,w_25_49,59707,76548,68167,-8381,0,59707,76548
2026-09-21,north_peak,F-CH,prime,m_25_49,55442,71080,63298,-7782,0,55442,71080
2026-09-21,lake_city,D-CH,daytime,all_adults,336659,431615,488260,56645,28000,308659,403615
2026-09-21,lake_city,D-CH,daytime,w_25_49,94264,120852,136713,15861,28000,66264,92852
2026-09-21,lake_city,D-CH,daytime,m_25_49,87531,112219,126948,14729,0,87531,112219
2026-09-21,lake_city,D-CH,prime,all_adults,499916,640918,611288,-29630,0,499916,640918
2026-09-21,lake_city,D-CH,prime,w_25_49,139976,179457,171161,-8296,0,139976,179457
2026-09-21,lake_city,D-CH,prime,m_25_49,129978,166638,158935,-7703,0,129978,166638
2026-09-21,lake_city,F-CH,daytime,all_adults,128965,165340,164600,-740,0,128965,165340
2026-09-21,lake_city,F-CH,daytime,w_25_49,36110,46295,46088,-207,0,36110,46295
2026-09-21,lake_city,F-CH,daytime,m_25_49,33530,42988,42796,-192,0,33530,42988
2026-09-21,lake_city,F-CH,prime,all_adults,197311,252963,222973,-29990,55000,142311,197963
2026-09-21,lake_city,F-CH,prime,w_25_49,55247,70829,62432,-8397,15400,39847,55429
2026-09-21,lake_city,F-CH,prime,m_25_49,51300,65770,57973,-7797,14300,37000,51470
2026-09-22,north_peak,D-CH,daytime,all_adults,352752,452247,405920,-46327,0,352752,452247
2026-09-22,north_peak,D-CH,daytime,w_25_49,98770,126629,113658,-12971,0,98770,126629
2026-09-22,north_peak,D-CH,daytime,m_25_49,91715,117584,105539,-12045,0,91715,117584
2026-09-22,north_peak,D-CH,prime,all_adults,540724,693237,756979,63742,325000,215724,368237
2026-09-22,north_peak,D-CH,prime,w_25_49,151402,194106,211954,17848,209800,-58398,-15694
2026-09-22,north_peak,D-CH,prime,m_25_49,140588,180241,196815,16574,41600,98988,138641
2026-09-22,north_peak,F-CH,daytime,all_adults,139732,179144,181700,2556,0,139732,179144
2026-09-22,north_peak,F-CH,daytime,w_25_49,39124,50160,50876,716,0,39124,50160
2026-09-22,north_peak,F-CH,daytime,m_25_49,36330,46577,47242,665,0,36330,46577
2026-09-22,north_peak,F-CH,prime,all_adults,238248,305447,291476,-13971,0,238248,305447
2026-09-22,north_peak,F-CH,prime,w_25_49,66709,85525,81613,-3912,0,66709,85525
2026-09-22,north_peak,F-CH,prime,m_25_49,61944,79416,75784,-3632,0,61944,79416
2026-09-22,lake_city,D-CH,daytime,all_adults,315943,405056,349053,-56003,28000,287943,377056
2026-09-22,lake_city,D-CH,daytime,w_25_49,88464,113415,97735,-15680,28000,60464,85415
2026-09-22,lake_city,D-CH,daytime,m_25_49,82145,105314,90754,-14560,0,82145,105314
2026-09-22,lake_city,D-CH,prime,all_adults,509050,652629,710276,57647,0,509050,652629
2026-09-22,lake_city,D-CH,prime,w_25_49,142534,182736,198877,16141,0,142534,182736
2026-09-22,lake_city,D-CH,prime,m_25_49,132353,169683,184672,14989,0,132353,169683
2026-09-22,lake_city,F-CH,daytime,all_adults,145513,186556,166899,-19657,0,145513,186556
2026-09-22,lake_city,F-CH,daytime,w_25_49,40743,52235,46732,-5503,0,40743,52235
2026-09-22,lake_city,F-CH,daytime,m_25_49,37833,48504,43394,-5110,0,37833,48504
2026-09-22,lake_city,F-CH,prime,all_adults,202321,259387,241143,-18244,55000,147321,204387
2026-09-22,lake_city,F-CH,prime,w_25_49,56649,72628,67520,-5108,15400,41249,57228
2026-09-22,lake_city,F-CH,prime,m_25_49,52603,67440,62697,-4743,14300,38303,53140
2026-09-23,north_peak,D-CH,daytime,all_adults,333344,427365,407524,-19841,0,333344,427365
2026-09-23,north_peak,D-CH,daytime,w_25_49,93336,119662,114107,-5555,0,93336,119662
2026-09-23,north_peak,D-CH,daytime,m_25_49,86669,111114,105956,-5158,0,86669,111114
2026-09-23,north_peak,D-CH,prime,all_adults,514313,659376,655247,-4129,325000,189313,334376
2026-09-23,north_peak,D-CH,prime,w_25_49,144007,184625,183469,-1156,209800,-65793,-25175
2026-09-23,north_peak,D-CH,prime,m_25_49,133721,171437,170364,-1073,41600,92121,129837
2026-09-23,north_peak,F-CH,daytime,all_adults,135124,173237,167483,-5754,0,135124,173237
2026-09-23,north_peak,F-CH,daytime,w_25_49,37834,48506,46895,-1611,0,37834,48506
2026-09-23,north_peak,F-CH,daytime,m_25_49,35132,45041,43546,-1495,0,35132,45041
2026-09-23,north_peak,F-CH,prime,all_adults,215911,276809,266645,-10164,0,215911,276809
2026-09-23,north_peak,F-CH,prime,w_25_49,60455,77506,74661,-2845,0,60455,77506
2026-09-23,north_peak,F-CH,prime,m_25_49,56136,71970,69328,-2642,0,56136,71970
2026-09-23,lake_city,D-CH,daytime,all_adults,337496,432688,484467,51779,28000,309496,404688
2026-09-23,lake_city,D-CH,daytime,w_25_49,94498,121152,135651,14499,28000,66498,93152
2026-09-23,lake_city,D-CH,daytime,m_25_49,87748,112498,125961,13463,0,87748,112498
2026-09-23,lake_city,D-CH,prime,all_adults,525815,674122,656908,-17214,0,525815,674122
2026-09-23,lake_city,D-CH,prime,w_25_49,147228,188754,183934,-4820,0,147228,188754
2026-09-23,lake_city,D-CH,prime,m_25_49,136711,175271,170796,-4475,0,136711,175271
2026-09-23,lake_city,F-CH,daytime,all_adults,123672,158554,158718,164,0,123672,158554
2026-09-23,lake_city,F-CH,daytime,w_25_49,34628,44395,44441,46,0,34628,44395
2026-09-23,lake_city,F-CH,daytime,m_25_49,32154,41224,41267,43,0,32154,41224
2026-09-23,lake_city,F-CH,prime,all_adults,188357,241484,207018,-34466,55000,133357,186484
2026-09-23,lake_city,F-CH,prime,w_25_49,52739,67615,57965,-9650,15400,37339,52215
2026-09-23,lake_city,F-CH,prime,m_25_49,48972,62785,53825,-8960,14300,34672,48485
2026-09-24,north_peak,D-CH,daytime,all_adults,344398,441536,453236,11700,0,344398,441536
2026-09-24,north_peak,D-CH,daytime,w_25_49,96431,123630,126906,3276,0,96431,123630
2026-09-24,north_peak,D-CH,daytime,m_25_49,89543,114799,117841,3042,0,89543,114799
2026-09-24,north_peak,D-CH,prime,all_adults,503211,645143,537532,-107611,325000,178211,320143
2026-09-24,north_peak,D-CH,prime,w_25_49,140899,180640,150509,-30131,209800,-68901,-29160
2026-09-24,north_peak,D-CH,prime,m_25_49,130834,167737,139758,-27979,41600,89234,126137
2026-09-24,north_peak,F-CH,daytime,all_adults,134525,172469,157930,-14539,0,134525,172469
2026-09-24,north_peak,F-CH,daytime,w_25_49,37667,48291,44220,-4071,0,37667,48291
2026-09-24,north_peak,F-CH,daytime,m_25_49,34976,44841,41062,-3779,0,34976,44841
2026-09-24,north_peak,F-CH,prime,all_adults,221416,283867,326622,42755,0,221416,283867
2026-09-24,north_peak,F-CH,prime,w_25_49,61996,79482,91454,11972,0,61996,79482
2026-09-24,north_peak,F-CH,prime,m_25_49,57568,73805,84922,11117,0,57568,73805
2026-09-24,lake_city,D-CH,daytime,all_adults,331863,425466,386176,-39290,28000,303863,397466
2026-09-24,lake_city,D-CH,daytime,w_25_49,92921,119130,108129,-11001,28000,64921,91130
2026-09-24,lake_city,D-CH,daytime,m_25_49,86284,110621,100406,-10215,0,86284,110621
2026-09-24,lake_city,D-CH,prime,all_adults,472116,605278,584403,-20875,0,472116,605278
2026-09-24,lake_city,D-CH,prime,w_25_49,132192,169477,163633,-5844,0,132192,169477
2026-09-24,lake_city,D-CH,prime,m_25_49,122750,157372,151945,-5427,0,122750,157372
2026-09-24,lake_city,F-CH,daytime,all_adults,136131,174528,153214,-21314,0,136131,174528
2026-09-24,lake_city,F-CH,daytime,w_25_49,38116,48867,42900,-5967,0,38116,48867
2026-09-24,lake_city,F-CH,daytime,m_25_49,35394,45377,39836,-5541,0,35394,45377
2026-09-24,lake_city,F-CH,prime,all_adults,214755,275328,241717,-33611,55000,159755,220328
2026-09-24,lake_city,F-CH,prime,w_25_49,60131,77091,67681,-9410,15400,44731,61691
2026-09-24,lake_city,F-CH,prime,m_25_49,55836,71585,62846,-8739,14300,41536,57285
2026-09-25,north_peak,D-CH,daytime,all_adults,349459,448025,472671,24646,0,349459,448025
2026-09-25,north_peak,D-CH,daytime,w_25_49,97848,125447,132348,6901,0,97848,125447
2026-09-25,north_peak,D-CH,daytime,m_25_49,90859,116486,122894,6408,0,90859,116486
2026-09-25,north_peak,D-CH,prime,all_adults,540828,693370,646273,-47097,325000,215828,368370
2026-09-25,north_peak,D-CH,prime,w_25_49,151431,194143,180956,-13187,209800,-58369,-15657
2026-09-25,north_peak,D-CH,prime,m_25_49,140615,180276,168031,-12245,41600,99015,138676
2026-09-25,north_peak,F-CH,daytime,all_adults,141839,181845,174468,-7377,0,141839,181845
2026-09-25,north_peak,F-CH,daytime,w_25_49,39714,50916,48851,-2065,0,39714,50916
2026-09-25,north_peak,F-CH,daytime,m_25_49,36878,47279,45362,-1917,0,36878,47279
2026-09-25,north_peak,F-CH,prime,all_adults,208291,267041,251784,-15257,0,208291,267041
2026-09-25,north_peak,F-CH,prime,w_25_49,58321,74771,70500,-4271,0,58321,74771
2026-09-25,north_peak,F-CH,prime,m_25_49,54155,69430,65464,-3966,0,54155,69430
2026-09-25,lake_city,D-CH,daytime,all_adults,302052,387247,330899,-56348,28000,274052,359247
2026-09-25,lake_city,D-CH,daytime,w_25_49,84574,108429,92652,-15777,28000,56574,80429
2026-09-25,lake_city,D-CH,daytime,m_25_49,78533,100684,86034,-14650,0,78533,100684
2026-09-25,lake_city,D-CH,prime,all_adults,531979,682025,651130,-30895,0,531979,682025
2026-09-25,lake_city,D-CH,prime,w_25_49,148954,190967,182316,-8651,0,148954,190967
2026-09-25,lake_city,D-CH,prime,m_25_49,138314,177326,169294,-8032,0,138314,177326
2026-09-25,lake_city,F-CH,daytime,all_adults,139378,178690,187648,8958,0,139378,178690
2026-09-25,lake_city,F-CH,daytime,w_25_49,39025,50033,52541,2508,0,39025,50033
2026-09-25,lake_city,F-CH,daytime,m_25_49,36238,46459,48788,2329,0,36238,46459
2026-09-25,lake_city,F-CH,prime,all_adults,191089,244987,222269,-22718,55000,136089,189987
2026-09-25,lake_city,F-CH,prime,w_25_49,53504,68596,62235,-6361,15400,38104,53196
2026-09-25,lake_city,F-CH,prime,m_25_49,49683,63696,57790,-5906,14300,35383,49396
2026-09-26,north_peak,D-CH,daytime,all_adults,271457,348023,348498,475,0,271457,348023
2026-09-26,north_peak,D-CH,daytime,w_25_49,76007,97446,97579,133,0,76007,97446
2026-09-26,north_peak,D-CH,daytime,m_25_49,70578,90485,90609,124,0,70578,90485
2026-09-26,north_peak,D-CH,prime,all_adults,406958,521742,549047,27305,325000,81958,196742
2026-09-26,north_peak,D-CH,prime,w_25_49,113948,146087,153733,7646,209800,-95852,-63713
2026-09-26,north_peak,D-CH,prime,m_25_49,105809,135652,142752,7100,41600,64209,94052
2026-09-26,north_peak,F-CH,daytime,all_adults,114248,146473,127860,-18613,0,114248,146473
2026-09-26,north_peak,F-CH,daytime,w_25_49,31989,41012,35801,-5211,0,31989,41012
2026-09-26,north_peak,F-CH,daytime,m_25_49,29704,38082,33244,-4838,0,29704,38082
2026-09-26,north_peak,F-CH,prime,all_adults,165112,211683,218972,7289,0,165112,211683
2026-09-26,north_peak,F-CH,prime,w_25_49,46231,59271,61312,2041,0,46231,59271
2026-09-26,north_peak,F-CH,prime,m_25_49,42929,55037,56933,1896,0,42929,55037
2026-09-26,lake_city,D-CH,daytime,all_adults,276107,353984,289585,-64399,28000,248107,325984
2026-09-26,lake_city,D-CH,daytime,w_25_49,77309,99115,81084,-18031,28000,49309,71115
2026-09-26,lake_city,D-CH,daytime,m_25_49,71787,92035,75292,-16743,0,71787,92035
2026-09-26,lake_city,D-CH,prime,all_adults,450049,576986,587280,10294,0,450049,576986
2026-09-26,lake_city,D-CH,prime,w_25_49,126013,161556,164438,2882,0,126013,161556
2026-09-26,lake_city,D-CH,prime,m_25_49,117012,150016,152693,2677,0,117012,150016
2026-09-26,lake_city,F-CH,daytime,all_adults,121918,156306,146818,-9488,0,121918,156306
2026-09-26,lake_city,F-CH,daytime,w_25_49,34137,43765,41109,-2656,0,34137,43765
2026-09-26,lake_city,F-CH,daytime,m_25_49,31698,40639,38173,-2466,0,31698,40639
2026-09-26,lake_city,F-CH,prime,all_adults,171776,220226,193773,-26453,55000,116776,165226
2026-09-26,lake_city,F-CH,prime,w_25_49,48097,61663,54256,-7407,15400,32697,46263
2026-09-26,lake_city,F-CH,prime,m_25_49,44661,57258,50381,-6877,14300,30361,42958
2026-09-27,north_peak,D-CH,daytime,all_adults,309521,396823,379348,-17475,0,309521,396823
2026-09-27,north_peak,D-CH,daytime,w_25_49,86665,111110,106217,-4893,0,86665,111110
2026-09-27,north_peak,D-CH,daytime,m_25_49,80475,103173,98630,-4543,0,80475,103173
2026-09-27,north_peak,D-CH,prime,all_adults,401315,514507,406288,-108219,325000,76315,189507
2026-09-27,north_peak,D-CH,prime,w_25_49,112368,144061,113761,-30300,209800,-97432,-65739
2026-09-27,north_peak,D-CH,prime,m_25_49,104341,133771,105635,-28136,41600,62741,92171
2026-09-27,north_peak,F-CH,daytime,all_adults,113933,146069,122156,-23913,0,113933,146069
2026-09-27,north_peak,F-CH,daytime,w_25_49,31901,40899,34204,-6695,0,31901,40899
2026-09-27,north_peak,F-CH,daytime,m_25_49,29622,37977,31761,-6216,0,29622,37977
2026-09-27,north_peak,F-CH,prime,all_adults,150358,192767,173852,-18915,0,150358,192767
2026-09-27,north_peak,F-CH,prime,w_25_49,42100,53974,48679,-5295,0,42100,53974
2026-09-27,north_peak,F-CH,prime,m_25_49,39093,50119,45202,-4917,0,39093,50119
2026-09-27,lake_city,D-CH,daytime,all_adults,248455,318533,336300,17767,28000,220455,290533
2026-09-27,lake_city,D-CH,daytime,w_25_49,69567,89189,94164,4975,28000,41567,61189
2026-09-27,lake_city,D-CH,daytime,m_25_49,64598,82818,87438,4620,0,64598,82818
2026-09-27,lake_city,D-CH,prime,all_adults,373827,479266,365380,-113886,0,373827,479266
2026-09-27,lake_city,D-CH,prime,w_25_49,104671,134194,102306,-31888,0,104671,134194
2026-09-27,lake_city,D-CH,prime,m_25_49,97195,124609,94999,-29610,0,97195,124609
2026-09-27,lake_city,F-CH,daytime,all_adults,109429,140294,130932,-9362,0,109429,140294
2026-09-27,lake_city,F-CH,daytime,w_25_49,30640,39282,36661,-2621,0,30640,39282
2026-09-27,lake_city,F-CH,daytime,m_25_49,28451,36476,34042,-2434,0,28451,36476
2026-09-27,lake_city,F-CH,prime,all_adults,153436,196713,156841,-39872,55000,98436,141713
2026-09-27,lake_city,F-CH,prime,w_25_49,42962,55079,43915,-11164,15400,27562,39679
2026-09-27,lake_city,F-CH,prime,m_25_49,39893,51145,40779,-10366,14300,25593,36845
2026-09-28,north_peak,D-CH,daytime,all_adults,311338,399152,377451,-21701,0,311338,399152
2026-09-28,north_peak,D-CH,daytime,w_25_49,87174,111762,105686,-6076,0,87174,111762
2026-09-28,north_peak,D-CH,daytime,m_25_49,80947,103779,98137,-5642,0,80947,103779
2026-09-28,north_peak,D-CH,prime,all_adults,476493,610889,529541,-81348,325000,151493,285889
2026-09-28,north_peak,D-CH,prime,w_25_49,133418,171048,148271,-22777,209800,-76382,-38752
2026-09-28,north_peak,D-CH,prime,m_25_49,123888,158831,137681,-21150,41600,82288,117231
2026-09-28,north_peak,F-CH,daytime,all_adults,137194,175890,183036,7146,0,137194,175890
2026-09-28,north_peak,F-CH,daytime,w_25_49,38414,49249,51250,2001,0,38414,49249
2026-09-28,north_peak,F-CH,daytime,m_25_49,35670,45731,47589,1858,0,35670,45731
2026-09-28,north_peak,F-CH,prime,all_adults,193697,248330,240949,-7381,0,193697,248330
2026-09-28,north_peak,F-CH,prime,w_25_49,54235,69532,67466,-2066,0,54235,69532
2026-09-28,north_peak,F-CH,prime,m_25_49,50361,64565,62647,-1918,0,50361,64565
2026-09-28,lake_city,D-CH,daytime,all_adults,314824,403621,359960,-43661,28000,286824,375621
2026-09-28,lake_city,D-CH,daytime,w_25_49,88150,113013,100789,-12224,28000,60150,85013
2026-09-28,lake_city,D-CH,daytime,m_25_49,81854,104941,93590,-11351,0,81854,104941
2026-09-28,lake_city,D-CH,prime,all_adults,533781,684335,635436,-48899,0,533781,684335
2026-09-28,lake_city,D-CH,prime,w_25_49,149458,191613,177922,-13691,0,149458,191613
2026-09-28,lake_city,D-CH,prime,m_25_49,138783,177927,165213,-12714,0,138783,177927
2026-09-28,lake_city,F-CH,daytime,all_adults,149961,192258,174495,-17763,0,149961,192258
2026-09-28,lake_city,F-CH,daytime,w_25_49,41989,53832,48859,-4973,0,41989,53832
2026-09-28,lake_city,F-CH,daytime,m_25_49,38989,49987,45369,-4618,0,38989,49987
2026-09-28,lake_city,F-CH,prime,all_adults,218212,279760,266280,-13480,55000,163212,224760
2026-09-28,lake_city,F-CH,prime,w_25_49,61099,78332,74558,-3774,15400,45699,62932
2026-09-28,lake_city,F-CH,prime,m_25_49,56735,72737,69233,-3504,14300,42435,58437
2026-09-29,north_peak,D-CH,daytime,all_adults,312778,400998,407820,6822,0,312778,400998
2026-09-29,north_peak,D-CH,daytime,w_25_49,87577,112279,114190,1911,0,87577,112279
2026-09-29,north_peak,D-CH,daytime,m_25_49,81322,104259,106033,1774,0,81322,104259
2026-09-29,north_peak,D-CH,prime,all_adults,503057,644946,656720,11774,325000,178057,319946
2026-09-29,north_peak,D-CH,prime,w_25_49,140855,180584,183882,3298,209800,-68945,-29216
2026-09-29,north_peak,D-CH,prime,m_25_49,130794,167685,170747,3062,41600,89194,126085
2026-09-29,north_peak,F-CH,daytime,all_adults,137201,175899,155342,-20557,0,137201,175899
2026-09-29,north_peak,F-CH,daytime,w_25_49,38416,49251,43496,-5755,0,38416,49251
2026-09-29,north_peak,F-CH,daytime,m_25_49,35672,45733,40389,-5344,0,35672,45733
2026-09-29,north_peak,F-CH,prime,all_adults,211961,271745,264722,-7023,0,211961,271745
2026-09-29,north_peak,F-CH,prime,w_25_49,59349,76088,74122,-1966,0,59349,76088
2026-09-29,north_peak,F-CH,prime,m_25_49,55109,70653,68828,-1825,0,55109,70653
2026-09-29,lake_city,D-CH,daytime,all_adults,346439,444153,398626,-45527,28000,318439,416153
2026-09-29,lake_city,D-CH,daytime,w_25_49,97002,124362,111615,-12747,28000,69002,96362
2026-09-29,lake_city,D-CH,daytime,m_25_49,90074,115479,103643,-11836,0,90074,115479
2026-09-29,lake_city,D-CH,prime,all_adults,506581,649463,540515,-108948,0,506581,649463
2026-09-29,lake_city,D-CH,prime,w_25_49,141842,181849,151344,-30505,0,141842,181849
2026-09-29,lake_city,D-CH,prime,m_25_49,131711,168860,140534,-28326,0,131711,168860
2026-09-29,lake_city,F-CH,daytime,all_adults,142970,183295,161937,-21358,0,142970,183295
2026-09-29,lake_city,F-CH,daytime,w_25_49,40031,51322,45342,-5980,0,40031,51322
2026-09-29,lake_city,F-CH,daytime,m_25_49,37172,47656,42104,-5552,0,37172,47656
2026-09-29,lake_city,F-CH,prime,all_adults,190153,243786,235317,-8469,55000,135153,188786
2026-09-29,lake_city,F-CH,prime,w_25_49,53242,68260,65889,-2371,15400,37842,52860
2026-09-29,lake_city,F-CH,prime,m_25_49,49439,63384,61182,-2202,14300,35139,49084
2026-09-30,north_peak,D-CH,daytime,all_adults,349333,447863,379807,-68056,0,349333,447863
2026-09-30,north_peak,D-CH,daytime,w_25_49,97813,125401,106346,-19055,0,97813,125401
2026-09-30,north_peak,D-CH,daytime,m_25_49,90826,116444,98750,-17694,0,90826,116444
2026-09-30,north_peak,D-CH,prime,all_adults,474630,608501,554063,-54438,325000,149630,283501
2026-09-30,north_peak,D-CH,prime,w_25_49,132896,170380,155138,-15242,209800,-76904,-39420
2026-09-30,north_peak,D-CH,prime,m_25_49,123403,158210,144056,-14154,41600,81803,116610
2026-09-30,north_peak,F-CH,daytime,all_adults,128267,164445,164503,58,0,128267,164445
2026-09-30,north_peak,F-CH,daytime,w_25_49,35914,46044,46061,17,0,35914,46044
2026-09-30,north_peak,F-CH,daytime,m_25_49,33349,42755,42771,16,0,33349,42755
2026-09-30,north_peak,F-CH,prime,all_adults,202935,260174,237351,-22823,0,202935,260174
2026-09-30,north_peak,F-CH,prime,w_25_49,56821,72848,66458,-6390,0,56821,72848
2026-09-30,north_peak,F-CH,prime,m_25_49,52763,67645,61711,-5934,0,52763,67645
2026-09-30,lake_city,D-CH,daytime,all_adults,339065,434699,395384,-39315,28000,311065,406699
2026-09-30,lake_city,D-CH,daytime,w_25_49,94938,121715,110708,-11007,28000,66938,93715
2026-09-30,lake_city,D-CH,daytime,m_25_49,88156,113021,102800,-10221,0,88156,113021
2026-09-30,lake_city,D-CH,prime,all_adults,520965,667904,595963,-71941,0,520965,667904
2026-09-30,lake_city,D-CH,prime,w_25_49,145870,187013,166870,-20143,0,145870,187013
2026-09-30,lake_city,D-CH,prime,m_25_49,135450,173655,154950,-18705,0,135450,173655
2026-09-30,lake_city,F-CH,daytime,all_adults,127584,163570,134644,-28926,0,127584,163570
2026-09-30,lake_city,F-CH,daytime,w_25_49,35723,45799,37700,-8099,0,35723,45799
2026-09-30,lake_city,F-CH,daytime,m_25_49,33171,42528,35007,-7521,0,33171,42528
2026-09-30,lake_city,F-CH,prime,all_adults,237083,303953,287046,-16907,55000,182083,248953
2026-09-30,lake_city,F-CH,prime,w_25_49,66383,85106,80373,-4733,15400,50983,69706
2026-09-30,lake_city,F-CH,prime,m_25_49,61641,79027,74632,-4395,14300,47341,64727
2026-10-01,north_peak,D-CH,daytime,all_adults,332394,426147,412304,-13843,0,332394,426147
2026-10-01,north_peak,D-CH,daytime,w_25_49,93070,119321,115445,-3876,0,93070,119321
2026-10-01,north_peak,D-CH,daytime,m_25_49,86422,110798,107199,-3599,0,86422,110798
2026-10-01,north_peak,D-CH,prime,all_adults,512653,657248,640143,-17105,325000,187653,332248
2026-10-01,north_peak,D-CH,prime,w_25_49,143542,184029,179240,-4789,209800,-66258,-25771
2026-10-01,north_peak,D-CH,prime,m_25_49,133289,170884,166437,-4447,41600,91689,129284
2026-10-01,north_peak,F-CH,daytime,all_adults,153344,196596,174358,-22238,0,153344,196596
2026-10-01,north_peak,F-CH,daytime,w_25_49,42936,55046,48820,-6226,0,42936,55046
2026-10-01,north_peak,F-CH,daytime,m_25_49,39869,51114,45333,-5781,0,39869,51114
2026-10-01,north_peak,F-CH,prime,all_adults,193337,247869,220366,-27503,0,193337,247869
2026-10-01,north_peak,F-CH,prime,w_25_49,54134,69403,61702,-7701,0,54134,69403
2026-10-01,north_peak,F-CH,prime,m_25_49,50267,64445,57295,-7150,0,50267,64445
2026-10-01,lake_city,D-CH,daytime,all_adults,301364,386365,397862,11497,0,301364,386365
2026-10-01,lake_city,D-CH,daytime,w_25_49,84381,108182,111401,3219,0,84381,108182
2026-10-01,lake_city,D-CH,daytime,m_25_49,78354,100454,103444,2990,0,78354,100454
2026-10-01,lake_city,D-CH,prime,all_adults,532773,683043,610022,-73021,0,532773,683043
2026-10-01,lake_city,D-CH,prime,w_25_49,149176,191252,170806,-20446,0,149176,191252
2026-10-01,lake_city,D-CH,prime,m_25_49,138520,177591,158606,-18985,0,138520,177591
2026-10-01,lake_city,F-CH,daytime,all_adults,126112,161683,152243,-9440,0,126112,161683
2026-10-01,lake_city,F-CH,daytime,w_25_49,35311,45271,42628,-2643,0,35311,45271
2026-10-01,lake_city,F-CH,daytime,m_25_49,32789,42037,39583,-2454,0,32789,42037
2026-10-01,lake_city,F-CH,prime,all_adults,231067,296241,220532,-75709,55000,176067,241241
2026-10-01,lake_city,F-CH,prime,w_25_49,64698,82947,61749,-21198,15400,49298,67547
2026-10-01,lake_city,F-CH,prime,m_25_49,60077,77022,57338,-19684,14300,45777,62722
2026-10-02,north_peak,D-CH,daytime,all_adults,337950,433270,382984,-50286,0,337950,433270
2026-10-02,north_peak,D-CH,daytime,w_25_49,94626,121315,107236,-14079,0,94626,121315
2026-10-02,north_peak,D-CH,daytime,m_25_49,87867,112650,99576,-13074,0,87867,112650
2026-10-02,north_peak,D-CH,prime,all_adults,539476,691636,611244,-80392,325000,214476,366636
2026-10-02,north_peak,D-CH,prime,w_25_49,151053,193658,171148,-22510,209800,-58747,-16142
2026-10-02,north_peak,D-CH,prime,m_25_49,140263,179825,158923,-20902,41600,98663,138225
2026-10-02,north_peak,F-CH,daytime,all_adults,135235,173379,147285,-26094,0,135235,173379
2026-10-02,north_peak,F-CH,daytime,w_25_49,37865,48546,41240,-7306,0,37865,48546
2026-10-02,north_peak,F-CH,daytime,m_25_49,35161,45078,38294,-6784,0,35161,45078
2026-10-02,north_peak,F-CH,prime,all_adults,200761,257387,278201,20814,0,200761,257387
2026-10-02,north_peak,F-CH,prime,w_25_49,56213,72068,77896,5828,0,56213,72068
2026-10-02,north_peak,F-CH,prime,m_25_49,52197,66920,72332,5412,0,52197,66920
2026-10-02,lake_city,D-CH,daytime,all_adults,343728,440678,413297,-27381,0,343728,440678
2026-10-02,lake_city,D-CH,daytime,w_25_49,96243,123389,115723,-7666,0,96243,123389
2026-10-02,lake_city,D-CH,daytime,m_25_49,89369,114576,107457,-7119,0,89369,114576
2026-10-02,lake_city,D-CH,prime,all_adults,481268,617011,505020,-111991,0,481268,617011
2026-10-02,lake_city,D-CH,prime,w_25_49,134755,172763,141406,-31357,0,134755,172763
2026-10-02,lake_city,D-CH,prime,m_25_49,125129,160422,131305,-29117,0,125129,160422
2026-10-02,lake_city,F-CH,daytime,all_adults,134341,172233,166640,-5593,0,134341,172233
2026-10-02,lake_city,F-CH,daytime,w_25_49,37615,48225,46659,-1566,0,37615,48225
2026-10-02,lake_city,F-CH,daytime,m_25_49,34928,44780,43326,-1454,0,34928,44780
2026-10-02,lake_city,F-CH,prime,all_adults,212191,272041,261838,-10203,55000,157191,217041
2026-10-02,lake_city,F-CH,prime,w_25_49,59413,76171,73315,-2856,15400,44013,60771
2026-10-02,lake_city,F-CH,prime,m_25_49,55169,70730,68078,-2652,14300,40869,56430
2026-10-03,north_peak,D-CH,daytime,all_adults,250550,321218,309878,-11340,0,250550,321218
2026-10-03,north_peak,D-CH,daytime,w_25_49,70154,89941,86766,-3175,0,70154,89941
2026-10-03,north_peak,D-CH,daytime,m_25_49,65143,83516,80568,-2948,0,65143,83516
2026-10-03,north_peak,D-CH,prime,all_adults,415413,532581,571589,39008,165000,250413,367581
2026-10-03,north_peak,D-CH,prime,w_25_49,116315,149122,160045,10923,165000,-48685,-15878
2026-10-03,north_peak,D-CH,prime,m_25_49,108007,138471,148613,10142,0,108007,138471
2026-10-03,north_peak,F-CH,daytime,all_adults,125462,160849,154260,-6589,0,125462,160849
2026-10-03,north_peak,F-CH,daytime,w_25_49,35129,45037,43193,-1844,0,35129,45037
2026-10-03,north_peak,F-CH,daytime,m_25_49,32620,41820,40108,-1712,0,32620,41820
2026-10-03,north_peak,F-CH,prime,all_adults,166838,213895,206366,-7529,0,166838,213895
2026-10-03,north_peak,F-CH,prime,w_25_49,46714,59890,57782,-2108,0,46714,59890
2026-10-03,north_peak,F-CH,prime,m_25_49,43377,55612,53655,-1957,0,43377,55612
2026-10-03,lake_city,D-CH,daytime,all_adults,258838,331844,302178,-29666,0,258838,331844
2026-10-03,lake_city,D-CH,daytime,w_25_49,72474,92916,84610,-8306,0,72474,92916
2026-10-03,lake_city,D-CH,daytime,m_25_49,67297,86279,78566,-7713,0,67297,86279
2026-10-03,lake_city,D-CH,prime,all_adults,414913,531941,471584,-60357,0,414913,531941
2026-10-03,lake_city,D-CH,prime,w_25_49,116175,148943,132044,-16899,0,116175,148943
2026-10-03,lake_city,D-CH,prime,m_25_49,107877,138304,122612,-15692,0,107877,138304
2026-10-03,lake_city,F-CH,daytime,all_adults,116928,149908,144164,-5744,0,116928,149908
2026-10-03,lake_city,F-CH,daytime,w_25_49,32739,41974,40366,-1608,0,32739,41974
2026-10-03,lake_city,F-CH,daytime,m_25_49,30401,38976,37483,-1493,0,30401,38976
2026-10-03,lake_city,F-CH,prime,all_adults,177502,227567,217409,-10158,55000,122502,172567
2026-10-03,lake_city,F-CH,prime,w_25_49,49700,63718,60875,-2843,15400,34300,48318
2026-10-03,lake_city,F-CH,prime,m_25_49,46150,59167,56526,-2641,14300,31850,44867
2026-10-04,north_peak,D-CH,daytime,all_adults,256910,329372,294512,-34860,0,256910,329372
2026-10-04,north_peak,D-CH,daytime,w_25_49,71934,92224,82463,-9761,0,71934,92224
2026-10-04,north_peak,D-CH,daytime,m_25_49,66796,85636,76573,-9063,0,66796,85636
2026-10-04,north_peak,D-CH,prime,all_adults,361196,463073,368811,-94262,165000,196196,298073
2026-10-04,north_peak,D-CH,prime,w_25_49,101134,129660,103267,-26393,165000,-63866,-35340
2026-10-04,north_peak,D-CH,prime,m_25_49,93910,120398,95891,-24507,0,93910,120398
2026-10-04,north_peak,F-CH,daytime,all_adults,114408,146678,142225,-4453,0,114408,146678
2026-10-04,north_peak,F-CH,daytime,w_25_49,32034,41069,39823,-1246,0,32034,41069
2026-10-04,north_peak,F-CH,daytime,m_25_49,29746,38136,36978,-1158,0,29746,38136
2026-10-04,north_peak,F-CH,prime,all_adults,141314,181172,151969,-29203,0,141314,181172
2026-10-04,north_peak,F-CH,prime,w_25_49,39567,50728,42551,-8177,0,39567,50728
2026-10-04,north_peak,F-CH,prime,m_25_49,36741,47104,39512,-7592,0,36741,47104
2026-10-04,lake_city,D-CH,daytime,all_adults,246987,316651,291534,-25117,0,246987,316651
2026-10-04,lake_city,D-CH,daytime,w_25_49,69156,88662,81630,-7032,0,69156,88662
2026-10-04,lake_city,D-CH,daytime,m_25_49,64216,82329,75799,-6530,0,64216,82329
2026-10-04,lake_city,D-CH,prime,all_adults,359942,461465,319066,-142399,0,359942,461465
2026-10-04,lake_city,D-CH,prime,w_25_49,100783,129210,89338,-39872,0,100783,129210
2026-10-04,lake_city,D-CH,prime,m_25_49,93584,119980,82957,-37023,0,93584,119980
2026-10-04,lake_city,F-CH,daytime,all_adults,113444,145442,142835,-2607,0,113444,145442
2026-10-04,lake_city,F-CH,daytime,w_25_49,31764,40723,39994,-729,0,31764,40723
2026-10-04,lake_city,F-CH,daytime,m_25_49,29495,37814,37137,-677,0,29495,37814
2026-10-04,lake_city,F-CH,prime,all_adults,152434,195429,157321,-38108,55000,97434,140429
2026-10-04,lake_city,F-CH,prime,w_25_49,42681,54720,44050,-10670,15400,27281,39320
2026-10-04,lake_city,F-CH,prime,m_25_49,39632,50811,40903,-9908,14300,25332,36511
2026-10-05,north_peak,D-CH,daytime,all_adults,320256,410585,366191,-44394,0,320256,410585
2026-10-05,north_peak,D-CH,daytime,w_25_49,89671,114963,102533,-12430,0,89671,114963
2026-10-05,north_peak,D-CH,daytime,m_25_49,83266,106752,95210,-11542,0,83266,106752
2026-10-05,north_peak,D-CH,prime,all_adults,499562,640465,592936,-47529,165000,334562,475465
2026-10-05,north_peak,D-CH,prime,w_25_49,139877,179330,166022,-13308,165000,-25123,14330
2026-10-05,north_peak,D-CH,prime,m_25_49,129886,166520,154163,-12357,0,129886,166520
2026-10-05,north_peak,F-CH,daytime,all_adults,138348,177370,154962,-22408,0,138348,177370
2026-10-05,north_peak,F-CH,daytime,w_25_49,38737,49663,43389,-6274,0,38737,49663
2026-10-05,north_peak,F-CH,daytime,m_25_49,35970,46116,40290,-5826,0,35970,46116
2026-10-05,north_peak,F-CH,prime,all_adults,216281,277284,272142,-5142,0,216281,277284
2026-10-05,north_peak,F-CH,prime,w_25_49,60558,77639,76200,-1439,0,60558,77639
2026-10-05,north_peak,F-CH,prime,m_25_49,56233,72093,70757,-1336,0,56233,72093
2026-10-05,lake_city,D-CH,daytime,all_adults,324816,416432,389307,-27125,0,324816,416432
2026-10-05,lake_city,D-CH,daytime,w_25_49,90948,116600,109006,-7594,0,90948,116600
2026-10-05,lake_city,D-CH,daytime,m_25_49,84452,108272,101220,-7052,0,84452,108272
2026-10-05,lake_city,D-CH,prime,all_adults,524607,672574,562831,-109743,0,524607,672574
2026-10-05,lake_city,D-CH,prime,w_25_49,146889,188320,157593,-30727,0,146889,188320
2026-10-05,lake_city,D-CH,prime,m_25_49,136397,174869,146336,-28533,0,136397,174869
2026-10-05,lake_city,F-CH,daytime,all_adults,141392,181273,179359,-1914,0,141392,181273
2026-10-05,lake_city,F-CH,daytime,w_25_49,39589,50756,50221,-535,0,39589,50756
2026-10-05,lake_city,F-CH,daytime,m_25_49,36761,47130,46633,-497,0,36761,47130
2026-10-05,lake_city,F-CH,prime,all_adults,216893,278068,278252,184,55000,161893,223068
2026-10-05,lake_city,F-CH,prime,w_25_49,60730,77859,77911,52,15400,45330,62459
2026-10-05,lake_city,F-CH,prime,m_25_49,56392,72297,72346,49,14300,42092,57997
2026-10-06,north_peak,D-CH,daytime,all_adults,314751,403528,383046,-20482,0,314751,403528
2026-10-06,north_peak,D-CH,daytime,w_25_49,88130,112987,107253,-5734,0,88130,112987
2026-10-06,north_peak,D-CH,daytime,m_25_49,81835,104917,99592,-5325,0,81835,104917
2026-10-06,north_peak,D-CH,prime,all_adults,527188,675883,678891,3008,70000,457188,605883
2026-10-06,north_peak,D-CH,prime,w_25_49,147612,189247,190089,842,70000,77612,119247
2026-10-06,north_peak,D-CH,prime,m_25_49,137068,175729,176512,783,0,137068,175729
2026-10-06,north_peak,F-CH,daytime,all_adults,139297,178587,151594,-26993,0,139297,178587
2026-10-06,north_peak,F-CH,daytime,w_25_49,39003,50004,42446,-7558,0,39003,50004
2026-10-06,north_peak,F-CH,daytime,m_25_49,36217,46432,39414,-7018,0,36217,46432
2026-10-06,north_peak,F-CH,prime,all_adults,220150,282244,300182,17938,0,220150,282244
2026-10-06,north_peak,F-CH,prime,w_25_49,61642,79028,84051,5023,0,61642,79028
2026-10-06,north_peak,F-CH,prime,m_25_49,57239,73383,78047,4664,0,57239,73383
2026-10-06,lake_city,D-CH,daytime,all_adults,347445,445443,440414,-5029,0,347445,445443
2026-10-06,lake_city,D-CH,daytime,w_25_49,97284,124724,123316,-1408,0,97284,124724
2026-10-06,lake_city,D-CH,daytime,m_25_49,90335,115815,114508,-1307,0,90335,115815
2026-10-06,lake_city,D-CH,prime,all_adults,460322,590157,616952,26795,0,460322,590157
2026-10-06,lake_city,D-CH,prime,w_25_49,128890,165243,172747,7504,0,128890,165243
2026-10-06,lake_city,D-CH,prime,m_25_49,119683,153440,160408,6968,0,119683,153440
2026-10-06,lake_city,F-CH,daytime,all_adults,136375,174841,134172,-40669,0,136375,174841
2026-10-06,lake_city,F-CH,daytime,w_25_49,38185,48955,37568,-11387,0,38185,48955
2026-10-06,lake_city,F-CH,daytime,m_25_49,35457,45458,34885,-10573,0,35457,45458
2026-10-06,lake_city,F-CH,prime,all_adults,218094,279608,237841,-41767,55000,163094,224608
2026-10-06,lake_city,F-CH,prime,w_25_49,61066,78290,66595,-11695,15400,45666,62890
2026-10-06,lake_city,F-CH,prime,m_25_49,56704,72698,61839,-10859,14300,42404,58398
2026-10-07,north_peak,D-CH,daytime,all_adults,302116,387329,356034,-31295,0,302116,387329
2026-10-07,north_peak,D-CH,daytime,w_25_49,84592,108452,99690,-8762,0,84592,108452
2026-10-07,north_peak,D-CH,daytime,m_25_49,78550,100705,92569,-8136,0,78550,100705
2026-10-07,north_peak,D-CH,prime,all_adults,546551,700707,658897,-41810,70000,476551,630707
2026-10-07,north_peak,D-CH,prime,w_25_49,153034,196197,184491,-11706,70000,83034,126197
2026-10-07,north_peak,D-CH,prime,m_25_49,142103,182183,171313,-10870,0,142103,182183
2026-10-07,north_peak,F-CH,daytime,all_adults,139829,179268,198958,19690,0,139829,179268
2026-10-07,north_peak,F-CH,daytime,w_25_49,39152,50195,55708,5513,0,39152,50195
2026-10-07,north_peak,F-CH,daytime,m_25_49,36355,46609,51729,5120,0,36355,46609
2026-10-07,north_peak,F-CH,prime,all_adults,233664,299570,288105,-11465,0,233664,299570
2026-10-07,north_peak,F-CH,prime,w_25_49,65425,83879,80669,-3210,0,65425,83879
2026-10-07,north_peak,F-CH,prime,m_25_49,60752,77888,74907,-2981,0,60752,77888
2026-10-07,lake_city,D-CH,daytime,all_adults,322852,413913,359744,-54169,0,322852,413913
2026-10-07,lake_city,D-CH,daytime,w_25_49,90398,115895,100728,-15167,0,90398,115895
2026-10-07,lake_city,D-CH,daytime,m_25_49,83941,107617,93533,-14084,0,83941,107617
2026-10-07,lake_city,D-CH,prime,all_adults,486621,623874,626387,2513,0,486621,623874
2026-10-07,lake_city,D-CH,prime,w_25_49,136253,174684,175388,704,0,136253,174684
2026-10-07,lake_city,D-CH,prime,m_25_49,126521,162207,162861,654,0,126521,162207
2026-10-07,lake_city,F-CH,daytime,all_adults,140858,180588,176762,-3826,0,140858,180588
2026-10-07,lake_city,F-CH,daytime,w_25_49,39440,50564,49493,-1071,0,39440,50564
2026-10-07,lake_city,F-CH,daytime,m_25_49,36623,46952,45958,-994,0,36623,46952
2026-10-07,lake_city,F-CH,prime,all_adults,225996,289739,263144,-26595,55000,170996,234739
2026-10-07,lake_city,F-CH,prime,w_25_49,63278,81126,73680,-7446,15400,47878,65726
2026-10-07,lake_city,F-CH,prime,m_25_49,58758,75332,68417,-6915,14300,44458,61032
2026-10-08,north_peak,D-CH,daytime,all_adults,326497,418586,430515,11929,0,326497,418586
2026-10-08,north_peak,D-CH,daytime,w_25_49,91419,117204,120544,3340,0,91419,117204
2026-10-08,north_peak,D-CH,daytime,m_25_49,84889,108832,111934,3102,0,84889,108832
2026-10-08,north_peak,D-CH,prime,all_adults,525576,673816,711331,37515,70000,455576,603816
2026-10-08,north_peak,D-CH,prime,w_25_49,147161,188668,199173,10505,70000,77161,118668
2026-10-08,north_peak,D-CH,prime,m_25_49,136649,175192,184946,9754,0,136649,175192
2026-10-08,north_peak,F-CH,daytime,all_adults,140869,180602,170713,-9889,0,140869,180602
2026-10-08,north_peak,F-CH,daytime,w_25_49,39443,50568,47800,-2768,0,39443,50568
2026-10-08,north_peak,F-CH,daytime,m_25_49,36625,46956,44385,-2571,0,36625,46956
2026-10-08,north_peak,F-CH,prime,all_adults,217901,279361,248573,-30788,0,217901,279361
2026-10-08,north_peak,F-CH,prime,w_25_49,61012,78221,69600,-8621,0,61012,78221
2026-10-08,north_peak,F-CH,prime,m_25_49,56654,72633,64629,-8004,0,56654,72633
2026-10-08,lake_city,D-CH,daytime,all_adults,295374,378685,384915,6230,0,295374,378685
2026-10-08,lake_city,D-CH,daytime,w_25_49,82704,106031,107776,1745,0,82704,106031
2026-10-08,lake_city,D-CH,daytime,m_25_49,76797,98458,100078,1620,0,76797,98458
2026-10-08,lake_city,D-CH,prime,all_adults,506099,648846,645389,-3457,0,506099,648846
2026-10-08,lake_city,D-CH,prime,w_25_49,141707,181676,180709,-967,0,141707,181676
2026-10-08,lake_city,D-CH,prime,m_25_49,131585,168699,167801,-898,0,131585,168699
2026-10-08,lake_city,F-CH,daytime,all_adults,123576,158431,149050,-9381,0,123576,158431
2026-10-08,lake_city,F-CH,daytime,w_25_49,34601,44360,41734,-2626,0,34601,44360
2026-10-08,lake_city,F-CH,daytime,m_25_49,32129,41192,38753,-2439,0,32129,41192
2026-10-08,lake_city,F-CH,prime,all_adults,205591,263579,237448,-26131,55000,150591,208579
2026-10-08,lake_city,F-CH,prime,w_25_49,57565,73802,66485,-7317,15400,42165,58402
2026-10-08,lake_city,F-CH,prime,m_25_49,53453,68530,61736,-6794,14300,39153,54230
2026-10-09,north_peak,D-CH,daytime,all_adults,283274,363173,342548,-20625,0,283274,363173
2026-10-09,north_peak,D-CH,daytime,w_25_49,79316,101688,95913,-5775,0,79316,101688
2026-10-09,north_peak,D-CH,daytime,m_25_49,73651,94424,89062,-5362,0,73651,94424
2026-10-09,north_peak,D-CH,prime,all_adults,535117,686048,686377,329,70000,465117,616048
2026-10-09,north_peak,D-CH,prime,w_25_49,149832,192093,192186,93,70000,79832,122093
2026-10-09,north_peak,D-CH,prime,m_25_49,139130,178372,178458,86,0,139130,178372
2026-10-09,north_peak,F-CH,daytime,all_adults,132630,170039,164735,-5304,0,132630,170039
2026-10-09,north_peak,F-CH,daytime,w_25_49,37136,47610,46126,-1484,0,37136,47610
2026-10-09,north_peak,F-CH,daytime,m_25_49,34483,44210,42831,-1379,0,34483,44210
2026-10-09,north_peak,F-CH,prime,all_adults,222951,285835,214138,-71697,0,222951,285835
2026-10-09,north_peak,F-CH,prime,w_25_49,62426,80033,59959,-20074,0,62426,80033
2026-10-09,north_peak,F-CH,prime,m_25_49,57967,74317,55676,-18641,0,57967,74317
2026-10-09,lake_city,D-CH,daytime,all_adults,325151,416861,422470,5609,0,325151,416861
2026-10-09,lake_city,D-CH,daytime,w_25_49,91042,116721,118292,1571,0,91042,116721
2026-10-09,lake_city,D-CH,daytime,m_25_49,84539,108383,109842,1459,0,84539,108383
2026-10-09,lake_city,D-CH,prime,all_adults,528561,677643,749512,71869,0,528561,677643
2026-10-09,lake_city,D-CH,prime,w_25_49,147997,189740,209863,20123,0,147997,189740
2026-10-09,lake_city,D-CH,prime,m_25_49,137425,176187,194873,18686,0,137425,176187
2026-10-09,lake_city,F-CH,daytime,all_adults,146962,188413,187471,-942,0,146962,188413
2026-10-09,lake_city,F-CH,daytime,w_25_49,41149,52755,52492,-263,0,41149,52755
2026-10-09,lake_city,F-CH,daytime,m_25_49,38210,48987,48742,-245,0,38210,48987
2026-10-09,lake_city,F-CH,prime,all_adults,217130,278373,287546,9173,0,217130,278373
2026-10-09,lake_city,F-CH,prime,w_25_49,60796,77944,80513,2569,0,60796,77944
2026-10-09,lake_city,F-CH,prime,m_25_49,56453,72376,74762,2386,0,56453,72376
2026-10-10,north_peak,D-CH,daytime,all_adults,259938,333255,322185,-11070,0,259938,333255
2026-10-10,north_peak,D-CH,daytime,w_25_49,72782,93311,90212,-3099,0,72782,93311
2026-10-10,north_peak,D-CH,daytime,m_25_49,67583,86646,83768,-2878,0,67583,86646
2026-10-10,north_peak,D-CH,prime,all_adults,439019,562846,634099,71253,70000,369019,492846
2026-10-10,north_peak,D-CH,prime,w_25_49,122925,157596,177548,19952,70000,52925,87596
2026-10-10,north_peak,D-CH,prime,m_25_49,114144,146339,164866,18527,0,114144,146339
2026-10-10,north_peak,F-CH,daytime,all_adults,111746,143265,138412,-4853,0,111746,143265
2026-10-10,north_peak,F-CH,daytime,w_25_49,31288,40114,38755,-1359,0,31288,40114
2026-10-10,north_peak,F-CH,daytime,m_25_49,29053,37248,35987,-1261,0,29053,37248
2026-10-10,north_peak,F-CH,prime,all_adults,176961,226874,244446,17572,0,176961,226874
2026-10-10,north_peak,F-CH,prime,w_25_49,49549,63524,68445,4921,0,49549,63524
2026-10-10,north_peak,F-CH,prime,m_25_49,46009,58987,63556,4569,0,46009,58987
2026-10-10,lake_city,D-CH,daytime,all_adults,268142,343773,373869,30096,0,268142,343773
2026-10-10,lake_city,D-CH,daytime,w_25_49,75079,96256,104683,8427,0,75079,96256
2026-10-10,lake_city,D-CH,daytime,m_25_49,69716,89380,97206,7826,0,69716,89380
2026-10-10,lake_city,D-CH,prime,all_adults,392229,502858,480288,-22570,0,392229,502858
2026-10-10,lake_city,D-CH,prime,w_25_49,109824,140800,134481,-6319,0,109824,140800
2026-10-10,lake_city,D-CH,prime,m_25_49,101979,130743,124875,-5868,0,101979,130743
2026-10-10,lake_city,F-CH,daytime,all_adults,111483,142928,147633,4705,0,111483,142928
2026-10-10,lake_city,F-CH,daytime,w_25_49,31215,40019,41337,1318,0,31215,40019
2026-10-10,lake_city,F-CH,daytime,m_25_49,28985,37161,38385,1224,0,28985,37161
2026-10-10,lake_city,F-CH,prime,all_adults,185846,238265,202345,-35920,0,185846,238265
2026-10-10,lake_city,F-CH,prime,w_25_49,52036,66714,56657,-10057,0,52036,66714
2026-10-10,lake_city,F-CH,prime,m_25_49,48319,61948,52610,-9338,0,48319,61948
2026-10-11,north_peak,D-CH,daytime,all_adults,253882,325490,324496,-994,0,253882,325490
2026-10-11,north_peak,D-CH,daytime,w_25_49,71086,91137,90859,-278,0,71086,91137
2026-10-11,north_peak,D-CH,daytime,m_25_49,66009,84627,84369,-258,0,66009,84627
2026-10-11,north_peak,D-CH,prime,all_adults,351932,451195,329127,-122068,70000,281932,381195
2026-10-11,north_peak,D-CH,prime,w_25_49,98540,126334,92156,-34178,70000,28540,56334
2026-10-11,north_peak,D-CH,prime,m_25_49,91502,117310,85573,-31737,0,91502,117310
2026-10-11,north_peak,F-CH,daytime,all_adults,119854,153660,155122,1462,0,119854,153660
2026-10-11,north_peak,F-CH,daytime,w_25_49,33559,43024,43434,410,0,33559,43024
2026-10-11,north_peak,F-CH,daytime,m_25_49,31162,39951,40332,381,0,31162,39951
2026-10-11,north_peak,F-CH,prime,all_adults,158447,203138,162812,-40326,0,158447,203138
2026-10-11,north_peak,F-CH,prime,w_25_49,44365,56878,45587,-11291,0,44365,56878
2026-10-11,north_peak,F-CH,prime,m_25_49,41196,52815,42331,-10484,0,41196,52815
2026-10-11,lake_city,D-CH,daytime,all_adults,285215,365661,347671,-17990,0,285215,365661
2026-10-11,lake_city,D-CH,daytime,w_25_49,79860,102385,97348,-5037,0,79860,102385
2026-10-11,lake_city,D-CH,daytime,m_25_49,74155,95071,90394,-4677,0,74155,95071
2026-10-11,lake_city,D-CH,prime,all_adults,390518,500665,386250,-114415,0,390518,500665
2026-10-11,lake_city,D-CH,prime,w_25_49,109345,140186,108150,-32036,0,109345,140186
2026-10-11,lake_city,D-CH,prime,m_25_49,101534,130172,100425,-29747,0,101534,130172
2026-10-11,lake_city,F-CH,daytime,all_adults,107043,137235,135364,-1871,0,107043,137235
2026-10-11,lake_city,F-CH,daytime,w_25_49,29972,38425,37902,-523,0,29972,38425
2026-10-11,lake_city,F-CH,daytime,m_25_49,27831,35681,35195,-486,0,27831,35681
2026-10-11,lake_city,F-CH,prime,all_adults,147408,188985,166433,-22552,0,147408,188985
2026-10-11,lake_city,F-CH,prime,w_25_49,41274,52915,46601,-6314,0,41274,52915
2026-10-11,lake_city,F-CH,prime,m_25_49,38326,49136,43273,-5863,0,38326,49136
2026-10-12,north_peak,D-CH,daytime,all_adults,332712,426554,382261,-44293,0,332712,426554
2026-10-12,north_peak,D-CH,daytime,w_25_49,93159,119435,107033,-12402,0,93159,119435
2026-10-12,north_peak,D-CH,daytime,m_25_49,86505,110904,99388,-11516,0,86505,110904
2026-10-12,north_peak,D-CH,prime,all_adults,509999,653846,615856,-37990,70000,439999,583846
2026-10-12,north_peak,D-CH,prime,w_25_49,142799,183076,172440,-10636,70000,72799,113076
2026-10-12,north_peak,D-CH,prime,m_25_49,132599,169999,160123,-9876,0,132599,169999
2026-10-12,north_peak,F-CH,daytime,all_adults,145152,186093,171093,-15000,0,145152,186093
2026-10-12,north_peak,F-CH,daytime,w_25_49,40642,52106,47906,-4200,0,40642,52106
2026-10-12,north_peak,F-CH,daytime,m_25_49,37739,48384,44484,-3900,0,37739,48384
2026-10-12,north_peak,F-CH,prime,all_adults,207647,266215,284024,17809,0,207647,266215
2026-10-12,north_peak,F-CH,prime,w_25_49,58141,74540,79527,4987,0,58141,74540
2026-10-12,north_peak,F-CH,prime,m_25_49,53988,69215,73846,4631,0,53988,69215
2026-10-12,lake_city,D-CH,daytime,all_adults,371601,476412,538307,61895,0,371601,476412
2026-10-12,lake_city,D-CH,daytime,w_25_49,104048,133395,150726,17331,0,104048,133395
2026-10-12,lake_city,D-CH,daytime,m_25_49,96616,123867,139960,16093,0,96616,123867
2026-10-12,lake_city,D-CH,prime,all_adults,509705,653469,645306,-8163,0,509705,653469
2026-10-12,lake_city,D-CH,prime,w_25_49,142717,182971,180686,-2285,0,142717,182971
2026-10-12,lake_city,D-CH,prime,m_25_49,132523,169901,167780,-2121,0,132523,169901
2026-10-12,lake_city,F-CH,daytime,all_adults,150251,192630,184933,-7697,0,150251,192630
2026-10-12,lake_city,F-CH,daytime,w_25_49,42070,53936,51781,-2155,0,42070,53936
2026-10-12,lake_city,F-CH,daytime,m_25_49,39065,50083,48083,-2000,0,39065,50083
2026-10-12,lake_city,F-CH,prime,all_adults,200773,257402,252086,-5316,0,200773,257402
2026-10-12,lake_city,F-CH,prime,w_25_49,56216,72072,70584,-1488,0,56216,72072
2026-10-12,lake_city,F-CH,prime,m_25_49,52200,66924,65542,-1382,0,52200,66924
